Обязательные резервы кредитных организаций,Unnamed: 1,Unnamed: 2,Unnamed: 3,Unnamed: 4,Unnamed: 5,Unnamed: 6,Unnamed: 7,Unnamed: 8,Unnamed: 9
,"Обязательные резервы1;2;3;4;5 и средства на корреспонденских 
счетах (корсчетах)2 в Банке России, млрд руб.",,,Количество кредитных организаций:,,Справочно:,,,
"Период усреднения
обязательных резервов
(указан первый день)",Фактические среднедневные остатки средств на корсчетах3,"Обязательные резервы, подлежащие усреднению на корсчетах4",Обязательные резервы на счетах для их учета4,пользующихся правом усреднения обязательных резервов1,действующих1,период усреднения обязательных резервов,число календарных дней в периоде усреднения обязательных резервов,отчетный период6,период регулирования обязательных резервов7
2004-09-01 00:00:00,195.45666666666665,8.7,116,492,1316,2004-09-01 00:00:00,30,01.08.2004 — 01.09.2004,03.09.2004 — 08.09.2004
2004-10-01 00:00:00,231.54032258064515,9.1,117.3,503,1315,2004-10-01 00:00:00,31,01.09.2004 — 01.10.2004,05.10.2004 — 08.10.2004
2004-11-01 00:00:00,282.4883333333334,11.5,118.9,521,1311,2004-11-01 00:00:00,30,01.10.2004 — 01.11.2004,03.11.2004 — 09.11.2004
2004-12-01 00:00:00,368.25967741935483,12,121.7,523,1304,2004-12-01 00:00:00,31,01.11.2004 — 01.12.2004,03.12.2004 — 08.12.2004
2005-01-01 00:00:00,356.6758064516129,12.7,171.6,650,1300,2005-01-01 00:00:00,31,01.12.2004 — 01.01.2005,13.01.2005 — 18.01.2005
2005-02-01 00:00:00,265.6303571428571,13.2,129.1,559,1300,2005-02-01 00:00:00,28,01.01.2005 — 01.02.2005,03.02.2005 — 08.02.2005
2005-03-01 00:00:00,286.12580645161296,13.4,133.2,573,1296,2005-03-01 00:00:00,31,01.02.2005 — 01.03.2005,03.03.2005 — 09.03.2005
2005-04-01 00:00:00,258.43000000000006,12.9,134.4,581,1293,2005-04-01 00:00:00,30,01.03.2005 — 01.04.2005,05.04.2005 — 08.04.2005
2005-05-01 00:00:00,239.0129032258064,14.4,135.1,588,1289,2005-05-01 00:00:00,31,01.04.2005 — 01.05.2005,05.05.2005 — 12.05.2005
2005-06-01 00:00:00,242.8233333333333,15.1,137.2,603,1286,2005-06-01 00:00:00,30,01.05.2005 — 01.06.2005,03.06.2005 — 08.06.2005
2005-07-01 00:00:00,246.86612903225807,15.8,142,616,1281,2005-07-01 00:00:00,31,01.06.2005 — 01.07.2005,05.07.2005 — 08.07.2005
2005-08-01 00:00:00,267.33225806451617,16.3,144.7,625,1276,2005-08-01 00:00:00,31,01.07.2005 — 01.08.2005,03.08.2005 — 08.08.2005
2005-09-01 00:00:00,297.8116666666666,16.8,150,616,1271,2005-09-01 00:00:00,30,01.08.2005 — 01.09.2005,05.09.2005 — 08.09.2005
2005-10-01 00:00:00,317.6854838709677,16.9,154.6,614,1265,2005-10-01 00:00:00,31,01.09.2005 — 01.10.2005,05.10.2005 — 10.10.2005
2005-11-01 00:00:00,274.835,16.5,159.8,621,1260,2005-11-01 00:00:00,30,01.10.2005 — 01.11.2005,03.11.2005 — 09.11.2005
2005-12-01 00:00:00,366.5193548387097,17.9,161.3,624,1258,2005-12-01 00:00:00,31,01.11.2005 — 01.12.2005,05.12.2005 — 08.12.2005
2006-01-01 00:00:00,399.04193548387104,19.2,171.6,650,1256,2006-01-01 00:00:00,31,01.12.2005 — 01.01.2006,12.01.2006 — 17.01.2006
2006-02-01 00:00:00,326.26785714285717,19.2,168.3,671,1248,2006-02-01 00:00:00,28,01.01.2006 — 01.02.2006,03.02.2006 — 08.02.2006
2006-03-01 00:00:00,325.8451612903226,19.5,172.1,678,1246,2006-03-01 00:00:00,31,01.02.2006 — 01.03.2006,03.03.2006 — 09.03.2006
2006-04-01 00:00:00,323.41666666666663,20.2,176.1,682,1240,2006-04-01 00:00:00,30,01.03.2006 — 01.04.2006,05.04.2006 — 10.04.2006
2006-05-01 00:00:00,353.9483870967741,20.7,183.1,681,1234,2006-05-01 00:00:00,31,01.04.2006 — 01.05.2006,04.05.2006 — 10.05.2006
2006-06-01 00:00:00,365.7316666666666,21.6,190.2,682,1231,2006-06-01 00:00:00,30,01.05.2006 — 01.06.2006,05.06.2006 — 08.06.2006
2006-07-01 00:00:00,388.3499999999999,22.5,193.9,698,1224,2006-07-01 00:00:00,31,01.06.2006 — 01.07.2006,05.07.2006 — 10.07.2006
2006-08-01 00:00:00,357.31935483870967,23.7,204.2,699,1221,2006-08-01 00:00:00,31,01.07.2006 — 01.08.2006,03.08.2006 — 08.08.2006
2006-09-01 00:00:00,356.32666666666665,23.9,205.8,714,1212,2006-09-01 00:00:00,30,01.08.2006 — 01.09.2006,05.09.2006 — 08.09.2006
2006-10-01 00:00:00,359.7225806451612,38,207.2,729,1208,2006-10-01 00:00:00,31,01.09.2006 — 01.10.2006,04.10.2006 — 09.10.2006
2006-11-01 00:00:00,337.58166666666676,40.3,212.7,732,1203,2006-11-01 00:00:00,30,01.10.2006 — 01.11.2006,03.11.2006 — 09.11.2006
2006-12-01 00:00:00,492.6870967741936,43.2,221.1,726,1200,2006-12-01 00:00:00,31,01.11.2006 — 01.12.2006,05.12.2006 — 08.12.2006
2007-01-01 00:00:00,506.716129032258,46.5,229.4,730,1188,2007-01-01 00:00:00,31,01.12.2006 — 01.01.2007,11.01.2007 — 16.01.2007
2007-02-01 00:00:00,405.04642857142863,71.2,210.5,737,1185,2007-02-01 00:00:00,28,01.01.2007 — 01.02.2007,05.02.2007 — 08.02.2007
2007-03-01 00:00:00,595.0354838709678,73.4,209.6,748,1185,2007-03-01 00:00:00,31,01.02.2007 — 01.03.2007,05.03.2007 — 09.03.2007
2007-04-01 00:00:00,426.55,76.8,219.1,744,1178,2007-04-01 00:00:00,30,01.03.2007 — 01.04.2007,04.04.2007 — 09.04.2007
2007-05-01 00:00:00,430.23225806451615,81.7,229.9,749,1175,2007-05-01 00:00:00,31,01.04.2007 — 01.05.2007,04.05.2007 — 10.05.2007
2007-06-01 00:00:00,470.68,90,244.8,762,1169,2007-06-01 00:00:00,30,01.05.2007 — 01.06.2007,05.06.2007 — 08.06.2007
2007-07-01 00:00:00,480.4548387096775,112.9,317.7,763,1166,2007-07-01 00:00:00,31,01.06.2007 — 01.07.2007,04.07.2007 — 09.07.2007
2007-08-01 00:00:00,445.38548387096773,118.9,311,768,1166,2007-08-01 00:00:00,31,01.07.2007 — 01.08.2007,03.08.2007 — 08.08.2007
2007-09-01 00:00:00,466.82166666666666,118.6,318.8,768,1157,2007-09-01 00:00:00,30,01.08.2007 — 01.09.2007,05.09.2007 — 10.09.2007
2007-10-01 00:00:00,491.0822580645161,96.8,260.5,768,1153,2007-10-01 00:00:00,31,01.09.2007 — 01.10.2007,03.10.2007 — 08.10.2007
2007-11-01 00:00:00,510.56666666666655,122.5,222.8,761,1148,2007-11-01 00:00:00,30,01.10.2007 — 01.11.2007,06.11.2007 — 09.11.2007
2007-12-01 00:00:00,704.7806451612904,124.1,220.7,767,1142,2007-12-01 00:00:00,31,01.11.2007 — 01.12.2007,05.12.2007 — 10.12.2007
2008-01-01 00:00:00,673.1822580645161,130.8,234,777,1138,2008-01-01 00:00:00,31,01.12.2007 — 01.01.2008,11.01.2008 — 16.01.2008
2008-02-01 00:00:00,521.343103448276,178.5,316.5,777,1137,2008-02-01 00:00:00,29,01.01.2008 — 01.02.2008,05.02.2008 — 08.02.2008
2008-03-01 00:00:00,556.333870967742,225.9,339.3,795,1134,2008-03-01 00:00:00,31,01.02.2008 — 01.03.2008,05.03.2008 — 11.03.2008
2008-04-01 00:00:00,550.2016666666669,227.9,345.7,791,1136,2008-04-01 00:00:00,30,01.03.2008 — 01.04.2008,03.04.2008 — 08.04.2008
2008-05-01 00:00:00,580.0983870967742,239.2,350.4,795,1132,2008-05-01 00:00:00,31,01.04.2008 — 01.05.2008,06.05.2008 — 12.05.2008
2008-06-01 00:00:00,607.4316666666667,243.2,360.3,796,1129,2008-06-01 00:00:00,30,01.05.2008 — 01.06.2008,04.06.2008 — 07.06.2008
2008-07-01 00:00:00,606.109677419355,312.6,388,806,1128,2008-07-01 00:00:00,31,01.06.2008 — 01.07.2008,03.07.2008 — 08.07.2008
2008-08-01 00:00:00,618.6161290322582,319.6,397.7,791,1128,2008-08-01 00:00:00,31,01.07.2008 — 01.08.2008,05.08.2008 — 08.08.2008
2008-09-01 00:00:00,731.9016666666668,150.4,151.8,806 (614)8,1128,2008-09-01 00:00:00,30,01.08.2008 — 01.09.2008,03.09.2008 — 08.09.2008
2008-10-01 00:00:00,581.0548387096775,42.1,34.1,810 (582)8,1127,2008-10-01 00:00:00,31,01.09.2008 — 01.10.2008,03.10.2008 — 08.10.2008
2008-11-01 00:00:00,590.0933333333335,37.6,30,831,1123,2008-11-01 00:00:00,30,01.10.2008 — 01.11.2008,06.11.2008 — 11.11.2008
2008-12-01 00:00:00,644.1112903225807,37.5,29.8,826,1118,2008-12-01 00:00:00,31,01.11.2008 — 01.12.2008,03.12.2008 — 08.12.2008
2009-01-01 00:00:00,681.2741935483872,37,29.4,822,1111,2009-01-01 00:00:00,31,01.12.2008 — 01.01.2009,13.01.2009 — 16.01.2009
2009-02-01 00:00:00,413.47499999999997,39.1,31.1,816,1105,2009-02-01 00:00:00,28,01.01.2009 — 01.02.2009,04.02.2009 — 09.02.2009
2009-03-01 00:00:00,397.4209677419355,41.8,33.3,812,1102,2009-03-01 00:00:00,31,01.02.2009 — 01.03.2009,04.03.2009 — 10.03.2009
2009-04-01 00:00:00,388.27666666666676,40.9,32.5,810,1098,2009-04-01 00:00:00,30,01.03.2009 — 01.04.2009,03.04.2009 — 08.04.2009
2009-05-01 00:00:00,400.1758064516129,39.8,31.5,809,1093,2009-05-01 00:00:00,31,01.04.2009 — 01.05.2009,06.05.2009 — 12.05.2009
2009-06-01 00:00:00,419.2733333333334,78.8,61.8,810,1092,2009-06-01 00:00:00,30,01.05.2009 — 01.06.2009,03.06.2009 — 08.06.2009
2009-07-01 00:00:00,406.241935483871,121.7,93.2,811,1086,2009-07-01 00:00:00,31,01.06.2009 — 01.07.2009,03.07.2009 — 08.07.2009
2009-08-01 00:00:00,465.2096774193549,163.2,125.3,808,1083,2009-08-01 00:00:00,31,01.07.2009 — 01.08.2009,05.08.2009 — 10.08.2009
2009-09-01 00:00:00,501.8866666666668,199.9,153.9,811,1078,2009-09-01 00:00:00,30,01.08.2009 — 01.09.2009,03.09.2009 — 08.09.2009
2009-10-01 00:00:00,535.8499999999999,199.7,154,815,1074,2009-10-01 00:00:00,31,01.09.2009 — 01.10.2009,05.10.2009 — 08.10.2009
2009-11-01 00:00:00,561.63,195.4,151.4,816,1071,2009-11-01 00:00:00,30,01.10.2009 — 01.11.2009,05.11.2009 — 10.11.2009
2009-12-10 00:00:00,713.198387096774,195,151.4,818,1066,10.12.2009-10.01.2010,31,01.11.2009 — 01.12.2009,14.12.2009 — 16.12.2009
2010-01-10 00:00:00,528.7338709677418,200.3,156.5,811,1060,10.01.2010-10.02.2010,31,01.12.2009 — 01.01.2010,22.01.2010 — 26.01.2010
2010-02-10 00:00:00,476.2196428571429,203.5,159.1,799,1054,10.02.2010-10.03.2010,28,01.01.2010 — 01.02.2010,12.02.2010 — 16.02.2010
2010-03-10 00:00:00,510.71935483870965,197.1,167.7,718,1049,10.03.2010-10.04.2010,31,01.02.2010 — 01.03.2010,15.03.2010 — 17.03.2010
2010-04-10 00:00:00,500.5516666666666,185.6,183.1,714,1049,10.04.2010-10.05.2010,30,01.03.2010 — 01.04.2010,14.04.2010 — 16.04.2010
2010-05-10 00:00:00,504.333870967742,205.3,170.4,708,1049,10.05.2010-10.06.2010,31,01.04.2010 — 01.05.2010,18.05.2010 — 20.05.2010
2010-06-10 00:00:00,572.0433333333334,206.8,175.5,705,1038,10.06.2010-10.07.2010,30,01.05.2010 — 01.06.2010,15.06.2010 — 17.06.2010
2010-07-10 00:00:00,494.29999999999995,207.8,180.8,696,1044,10.07.2010-10.08.2010,31,01.06.2010 — 01.07.2010,14.07.2010 — 16.07.2010
2010-08-10 00:00:00,491.04516129032237,217.3,179.3,707,1043,10.08.2010-10.09.2010,31,01.07.2010 — 01.08.2010,13.08.2010 — 17.08.2010
2010-09-10 00:00:00,502.83,219.8,182.2,705,1038,10.09.2010-10.10.2010,30,01.08.2010 — 01.09.2010,14.09.2010 — 16.09.2010
2010-10-10 00:00:00,511.6387096774194,225.7,186.2,698,1039,10.10.2010-10.11.2010,31,01.09.2010 — 01.10.2010,14.10.2010 — 18.10.2010
2010-11-10 00:00:00,523.14,227.5,185.7,699,1031,10.11.2010-10.12.2010,30,01.10.2010 — 01.11.2010,15.11.2010 — 17.11.2010
2010-12-10 00:00:00,755.3887096774195,233.1,188.4,695,1027,10.12.2010-10.01.2011,31,01.11.2010 — 01.12.2010,14.12.2010 — 16.12.2010
2011-01-10 00:00:00,561.3758064516129,246,192,697,1020,10.01.2011-10.02.2011,31,01.12.2010 — 01.01.2011,24.01.2011 — 26.01.2011
2011-02-10 00:00:00,525.2107142857143,250.6,195.2,687,1011,10.02.2011-10.03.2011,28,01.01.2011 — 01.02.2011,14.02.2011 — 16.02.2011
2011-03-10 00:00:00,552.2822580645161,304,244.1,701,1011,10.03.2011-10.04.2011,31,01.02.2011 — 01.03.2011,15.03.2011 — 17.03.2011
2011-04-10 00:00:00,604.558333333333,362.5,280.8,693,1006,10.04.2011-10.05.2011,30,01.03.2011 — 01.04.2011,14.04.2011 — 18.04.2011
2011-05-10 00:00:00,640.7225806451613,418.1,335.4,695,1004,10.05.2011-10.06.2011,31,01.04.2011 — 01.05.2011,17.05.2011 — 19.05.2011
2011-06-10 00:00:00,655.4883333333333,430.4,331.3,693,1004,10.06.2011-10.07.2011,30,01.05.2011 — 01.06.2011,15.06.2011 — 17.06.2011
2011-07-10 00:00:00,663.7258064516128,437.4,341.6,688,998,10.07.2011-10.08.2011,31,01.06.2011 — 01.07.2011,14.07.2011 — 18.07.2011
2011-08-10 00:00:00,670.7870967741934,446.7,342.6,694,998,10.08.2011-10.09.2011,31,01.07.2011 — 01.08.2011,12.08.2011 — 16.08.2011
2011-09-10 00:00:00,704.5666666666665,455,347,686,995,10.09.2011-10.10.2011,30,01.08.2011 — 01.09.2011,14.09.2011 — 16.09.2011
2011-10-10 00:00:00,699.9,469.2,356.6,683,993,10.10.2011-10.11.2011,31,01.09.2011 — 01.10.2011,14.10.2011 — 18.10.2011
2011-11-10 00:00:00,719.6633333333335,486.2,369.6,669,990,10.11.2011-10.12.2011,30,01.10.2011 — 01.11.2011,15.11.2011 — 17.11.2011
2011-12-10 00:00:00,953.2241935483873,501.7,378.4,672,986,10.12.2011-10.01.2012,31,01.11.2011 — 01.12.2011,14.12.2011 — 16.12.2011
2012-01-10 00:00:00,773.6048387096772,518.1,390.1,669,980,10.01.2012-10.02.2012,31,01.12.2011 — 01.01.2012,23.01.2012 — 25.01.2012
2012-02-10 00:00:00,724.7196428571432,526.7,393.9,680,977,10.02.2012-10.03.2012,29,01.01.2012 — 01.02.2012,14.02.2012 — 16.02.2012
2012-03-10 00:00:00,710.1661290322579,512.9,385.2,688,977,10.03.2012-10.04.2012,31,01.02.2012 — 01.03.2012,15.03.2012 — 19.03.2012
2012-04-10 00:00:00,692.8683333333336,508.1,382.7,691,974,10.04.2012-10.05.2012,30,01.03.2012 — 01.04.2012,13.04.2012 — 17.04.2012
2012-05-10 00:00:00,688.5338709677418,517.3,387.7,686,970,10.05.2012-10.06.2012,31,01.04.2012 — 01.05.2012,16.05.2012 — 18.05.2012
2012-06-10 00:00:00,707.6216666666666,526.4,392.8,688,968,10.06.2012-10.07.2012,30,01.05.2012 — 01.06.2012,15.06.2012 — 19.06.2012
2012-07-10 00:00:00,720.2790322580646,543.1,403.2,690,968,10.07.2012-10.08.2012,31,01.06.2012 — 01.07.2012,13.07.2012 — 17.07.2012
2012-08-10 00:00:00,712.5387096774191,540.6,407.1,691,968,10.08.2012-10.09.2012,31,01.07.2012 — 01.08.2012,14.08.2012 — 16.08.2012
2012-09-10 00:00:00,729.2166666666668,549.2,411.5,688,966,10.09.2012-10.10.2012,30,01.08.2012 — 01.09.2012,14.09.2012 — 18.09.2012
2012-10-10 00:00:00,738.0693548387098,554.3,413.9,694,964,10.10.2012-10.11.2012,31,01.09.2012 — 01.10.2012,12.10.2012 — 16.10.2012
2012-11-10 00:00:00,744.7016666666666,563.3,419.5,688,961,10.11.2012-10.12.2012,30,01.10.2012 — 01.11.2012,15.11.2012 — 19.11.2012
2012-12-10 00:00:00,1054.9790322580645,569.5,425.6,676,961,10.12.2012-10.01.2013,31,01.11.2012 — 01.12.2012,14.12.2012 — 18.12.2012
2013-01-10 00:00:00,841.8306451612904,593.1,441,678,960,10.01.2013-10.02.2013,31,01.12.2012 — 01.01.2013,21.01.2013 — 23.01.2013
2013-02-10 00:00:00,789.8696428571432,601,446.7,679,958,10.02.2013-10.03.2013,28,01.01.2013 — 01.02.2013,14.02.2013 — 18.02.2013
2013-03-10 00:00:00,798.2435483870968,605.5,449.5,671,958,10.03.2013-10.04.2013,31,01.02.2013 — 01.03.2013,15.03.2013 — 19.03.2013
2013-04-10 00:00:00,841.4666666666669,640.1,473.6,673,958,10.04.2013-10.05.2013,30,01.03.2013 — 01.04.2013,12.04.2013 — 16.04.2013
2013-05-10 00:00:00,858.698387096774,666,487,675,960,10.05.2013-10.06.2013,31,01.04.2013 — 01.05.2013,21.05.2013 — 23.05.2013
2013-06-10 00:00:00,890.6966666666668,676.5,497.7,676,961,10.06.2013-10.07.2013,30,01.05.2013 — 01.06.2013,17.06.2013 — 19.06.2013
2013-07-10 00:00:00,871.4274193548389,686.1,507.5,669,956,10.07.2013-10.08.2013,31,01.06.2013 — 01.07.2013,12.07.2013 — 16.07.2013
2013-08-10 00:00:00,840.5499999999998,674.9,501.6,658,950,10.08.2013-10.09.2013,31,01.07.2013 — 01.08.2013,14.08.2013 — 16.08.2013
2013-09-10 00:00:00,865.705,679.6,506.1,648,945,10.09.2013-10.10.2013,30,01.08.2013 — 01.09.2013,13.09.2013 — 17.09.2013
2013-10-10 00:00:00,862.2161290322582,675.3,507.7,636,938,10.10.2013-10.11.2013,31,01.09.2013 — 01.10.2013,14.10.2013 — 16.10.2013
2013-11-10 00:00:00,888.1166666666667,683.6,506.4,601,932,10.11.2013-10.12.2013,30,01.10.2013 — 01.11.2013,15.11.2013 — 19.11.2013
2013-12-10 00:00:00,1242.059677419355,794.1,402.3,594,926,10.12.2013-10.01.2014,31,01.11.2013 — 01.12.2013,13.12.2013 — 17.12.2013
2014-01-10 00:00:00,1067.0774193548389,825.8,404.8,587,919,10.01.2014-10.02.2014,31,01.12.2013 — 01.01.2014,22.01.2014 — 24.01.2014
2014-02-10 00:00:00,1027.355357142857,846.1,412.3,571,914,10.02.2014-10.03.2014,28,01.01.2014 — 01.02.2014,14.02.2014 — 18.02.2014
2014-03-10 00:00:00,1050.0274193548385,866,439.9,562,904,10.03.2014-10.04.2014,31,01.02.2014 — 01.03.2014,17.03.2014 — 19.03.2014
2014-04-10 00:00:00,1060.5583333333334,883.4,430.1,564,898,10.04.2014-10.05.2014,30,01.03.2014 — 01.04.2014,14.04.2014 — 16.04.2014
2014-05-10 00:00:00,1060.4935483870966,894.6,430.3,568,890,10.05.2014-10.06.2014,31,01.04.2014 — 01.05.2014,19.05.2014 — 21.05.2014
2014-06-10 00:00:00,1078.405,880.7,427.8,569,886,10.06.2014-10.07.2014,30,01.05.2014 — 01.06.2014,17.06.2014 — 19.06.2014
2014-07-10 00:00:00,1043.0354838709677,877.4,428.6,569,880,10.07.2014-10.08.2014,31,01.06.2014 — 01.07.2014,14.07.2014 — 16.07.2014
2014-08-10 00:00:00,1003.5967741935484,833.6,446.6,564,870,10.08.2014-10.09.2014,31,01.07.2014 — 01.08.2014,14.08.2014 — 18.08.2014
2014-09-10 00:00:00,1019.7950000000001,861.1,427.1,557,865,10.09.2014-10.10.2014,30,01.08.2014 — 01.09.2014,12.09.2014 — 16.09.2014
2014-10-10 00:00:00,1052.0467741935486,871.7,432.7,560,854,10.10.2014-10.11.2014,31,01.09.2014 — 01.10.2014,14.10.2014 — 16.10.2014
2014-11-10 00:00:00,1094.0883333333334,909,451.9,559,847,10.11.2014-10.12.2014,30,01.10.2014 — 01.11.2014,18.11.2014 — 20.11.2014
2014-12-10 00:00:00,1518.6951612903222,966.9,470.8,568,839,10.12.2014-10.01.2015,31,01.11.2014 — 01.12.2014,12.12.2014 — 16.12.2014
2015-01-10 00:00:00,1224.9064516129033,1047.1,496.7,634,832,10.01.2015-10.02.2015,31,01.12.2014 — 01.01.2015,23.01.2015 — 27.01.2015
2015-02-10 00:00:00,1214.5803571428569,1066.7,491.7,644,828,10.02.2015-10.03.2015,28,01.01.2015 — 01.02.2015,13.02.2015 — 17.02.2015
2015-03-10 00:00:00,1215.8774193548386,1102.8,504.2,643,826,10.03.2015-10.04.2015,31,01.02.2015 — 01.03.2015,16.03.2015 — 18.03.2015
2015-04-10 00:00:00,1188.9566666666663,1063.3,483.5,650,817,10.04.2015-10.05.2015,30,01.03.2015 — 01.04.2015,14.04.2015 — 16.04.2015
2015-05-10 00:00:00,1138.9467741935484,1006.2,457.5,651,810,10.05.2015-10.06.2015,31,01.04.2015 — 01.05.2015,19.05.2015 — 21.05.2015
2015-06-10 00:00:00,1163.0483333333332,1020.6,463.8,645,803,10.06.2015-10.07.2015,30,01.05.2015 — 01.06.2015,15.06.2015 — 17.06.2015
2015-07-10 00:00:00,1201.9177419354835,1048.4,475.4,635,790,10.07.2015-10.08.2015,31,01.06.2015 — 01.07.2015,14.07.2015 — 16.07.2015
2015-08-10 00:00:00,1205.0016129032256,1068.6,486.5,627,778,10.08.2015-10.09.2015,31,01.07.2015 — 01.08.2015,14.08.2015 — 18.08.2015
2015-09-10 00:00:00,1398.0783333333334,1257.2,361.2,625,771,10.09.2015-10.10.2015,30,01.08.2015 — 01.09.2015,14.09.2015 — 16.09.2015
2015-10-10 00:00:00,1465.532258064516,1320.6,365.3,612,761,10.10.2015-10.11.2015,31,01.09.2015 — 01.10.2015,14.10.2015 — 16.10.2015
2015-11-10 00:00:00,1423.2816666666663,1290,356.9,602,745,10.11.2015-10.12.2015,30,01.10.2015 — 01.11.2015,16.11.2015 — 18.11.2015
2015-12-10 00:00:00,1665.2806451612905,1318.7,363.4,595,735,10.12.2015-10.01.2016,31,01.11.2015 — 01.12.2015,14.12.2015 — 16.12.2015
2016-01-10 00:00:00,1529.3824483437495,1367.1,382.3,589,729,10.01.2016-10.02.2016,32,01.12.2015 — 01.01.2016,22.01.2016 — 26.01.2016
2016-02-11 00:00:00,1581.0142857142855,1416.2,386.3,587,721,11.02.2016-09.03.2016,28,01.01.2016 — 01.02.2016,12.02.2016 — 16.02.2016
2016-03-10 00:00:00,1566.4357142857139,1439.1,391.1,585,711,10.03.2016-06.04.2016,28,01.02.2016 — 01.03.2016,16.03.2016 — 18.03.2016
2016-04-07 00:00:00,1514.8114285714291,1380.1,375.3,577,700,07.04.2016-11.05.2016,35,01.03.2016 — 01.04.2016,14.04.2016 — 18.04.2016
2016-05-12 00:00:00,1562.607142857142,1451.1,394.1,568,693,12.05.2016-08.06.2016,28,01.04.2016 — 01.05.2016,18.05.2016 — 20.05.2016
2016-06-09 00:00:00,1569.771428571429,1443,391.5,559,686,09.06.2016-06.07.2016,28,01.05.2016 — 01.06.2016,15.06.2016 — 17.06.2016
2016-07-07 00:00:00,1576.6392857142862,1442.6,391.4,550,676,07.07.2016-03.08.2016,28,01.06.2016 — 01.07.2016,14.07.2016 — 18.07.2016
2016-08-04 00:00:00,1628.0885714285716,1525.5,413.8,541,663,04.08.2016-07.09.2016,35,01.07.2016 — 01.08.2016,12.08.2016 — 16.08.2016
2016-09-08 00:00:00,1884.5,1760,477.6,531,651,08.09.2016-05.10.2016,28,01.08.2016 — 01.09.2016,14.09.2016 — 16.09.2016
2016-10-06 00:00:00,1867.9,1761.4,476.7,526,647,06.10.2016-09.11.2016,35,01.09.2016 — 01.10.2016,14.10.2016 — 18.10.2016
2016-11-10 00:00:00,1852.2,1746.7,475.2,518,638,10.11.2016-07.12.2016,28,01.10.2016 — 01.11.2016,15.11.2016 — 17.11.2016
2016-12-08 00:00:00,1978.8,1765.6,481.9,512,627,08.12.2016-11.01.2017,35,01.11.2016 — 01.12.2016,14.12.2016 — 16.12.2016
2017-01-11 00:00:00,1858.2,1743.3,478.2,508,620,11.01.2017-07.02.2017,28,01.12.2016 — 01.01.2017,20.01.2017 — 24.01.2017
2017-02-08 00:00:00,1989.4,1874.4,514.6,502,617,08.02.2017-07.03.2017,28,2017-01-01 00:00:00,14.02.2017 — 16.02.2017
2017-03-08 00:00:00,1971,1865.1,507.5,499,609,08.03.2017-11.04.2017,35,2017-02-01 00:00:00,15.03.2017 — 17.03.2017
2017-04-12 00:00:00,1981,1848.1,504.9,492,605,12.04.2017-09.05.2017,28,2017-03-01 00:00:00,14.04.2017 — 18.04.2017
2017-05-10 00:00:00,1931.4,1841.6,501,486,594,10.05.2017-06.06.2017,28,2017-04-01 00:00:00,17.05.2017 — 19.05.2017
2017-06-07 00:00:00,1945.9,1861.4,506.5,486,589,07.06.2017-11.07.2017,35,2017-05-01 00:00:00,15.06.2017 — 19.06.2017
2017-07-12 00:00:00,1967.1,1871.4,504.3,485,582,12.07.2017-08.08.2017,28,2017-06-01 00:00:00,14.07.2017 — 18.07.2017
2017-08-09 00:00:00,1983,1901.7,508.9,484,577,09.08.2017-05.09.2017,28,2017-07-01 00:00:00,14.08.2017 — 16.08.2017
2017-09-06 00:00:00,1979.9,1895.1,505.9,485,575,06.09.2017-10.10.2017,35,2017-08-01 00:00:00,14.09.2017 — 18.09.2017
2017-10-11 00:00:00,1974.1,1874.3,497,484,572,11.10.2017-07.11.2017,28,2017-09-01 00:00:00,13.10.2017 — 17.10.2017
2017-11-08 00:00:00,1967.7,1885,497.5,482,570,08.11.2017-05.12.2017,28,2017-10-01 00:00:00,15.11.2017 — 17.11.2017
2017-12-06 00:00:00,2172.9,1901.3,506.2,477,563,06.12.2017-09.01.2018,35,2017-11-01 00:00:00,14.12.2017 — 18.12.2017
2018-01-10 00:00:00,2011.1,1907.2,506.2,474,558,10.01.2018-06.02.2018,28,2017-12-01 00:00:00,22.01.2018 — 24.01.2018
2018-02-07 00:00:00,2001.1,1908.5,506.4,470,552,07.02.2018-06.03.2018,28,2018-01-01 00:00:00,14.02.2018 — 16.02.2018
2018-03-07 00:00:00,2024.6,1929.5,507.3,462,546,07.03.2018-10.04.2018,35,2018-02-01 00:00:00,16.03.2018 — 20.03.2018
2018-04-11 00:00:00,2041.2,1936.3,508.5,461,538,11.04.2018-08.05.2018,28,2018-03-01 00:00:00,13.04.2018 — 17.04.2018
2018-05-09 00:00:00,2071.3,1992.4,521.9,456,533,09.05.2018-05.06.2018,28,2018-04-01 00:00:00,17.05.2018 — 21.05.2018
2018-06-06 00:00:00,2104.9,2016.1,527.7,450,527,06.06.2018-10.07.2018,35,2018-05-01 00:00:00,15.06.2018 — 19.06.2018
2018-07-11 00:00:00,2105.8,2023.8,531.3,445,520,11.07.2018-07.08.2018,28,2018-06-01 00:00:00,13.07.2018 — 17.07.2018
2018-08-08 00:00:00,2100.3,2025.2,527.1,443,514,08.08.2018-04.09.2018,28,2018-07-01 00:00:00,14.08.2018 — 16.08.2018
2018-09-05 00:00:00,2236.1,2167.8,563.6,440,511,05.09.2018-09.10.2018,35,2018-08-01 00:00:00,14.09.2018 — 18.09.2018
2018-10-10 00:00:00,2278.5,2210.1,570.1,434,505,10.10.2018-06.11.2018,28,2018-09-01 00:00:00,12.10.2018 — 16.10.2018
2018-11-07 00:00:00,2273.9,2200.5,569.2,425,493,07.11.2018-04.12.2018,28,2018-10-01 00:00:00,15.11.2018 — 19.11.2018
2018-12-05 00:00:00,2394.6,2202.2,575.3,418,486,05.12.2018-08.01.2019,35,2018-11-01 00:00:00,14.12.2018 — 18.12.2018
2019-01-09 00:00:00,2331.4,2258,586.3,415,482,09.01.2019-05.02.2019,28,2018-12-01 00:00:00,22.01.2019 — 24.01.2019
2019-02-06 00:00:00,2337.5,2272.8,588.4,412,478,06.02.2019-05.03.2019,28,2019-01-01 00:00:00,14.02.2019 — 18.02.2019
2019-03-06 00:00:00,2346.3,2278.9,587.2,409,474,06.03.2019-09.04.2019,35,2019-02-01 00:00:00,15.03.2019 — 19.03.2019
2019-04-10 00:00:00,2377,2293.5,588.9,408,470,10.04.2019-07.05.2019,28,2019-03-01 00:00:00,12.04.2019 — 16.04.2019
2019-05-08 00:00:00,2389.1,2324.4,593.9,407,466,08.05.2019-04.06.2019,28,2019-04-01 00:00:00,21.05.2019 — 23.05.2019
2019-06-05 00:00:00,2393.7,2333.9,595.9,404,464,05.06.2019-09.07.2019,35,2019-05-01 00:00:00,19.06.2019 — 19.06.2019
2019-07-10 00:00:00,2403.8,2334.8,596.7,401,460,10.07.2019-06.08.2019,28,2019-06-01 00:00:00,12.07.2019 — 16.07.2019
2019-08-07 00:00:00,2424.3,2362.6,603.8,398,455,07.08.2019-03.09.2019,28,2019-07-01 00:00:00,14.08.2019 — 16.08.2019
2019-09-04 00:00:00,2490.2,2429.5,620.1,399,454,04.09.2019-08.10.2019,35,2019-08-01 00:00:00,13.09.2019 — 17.09.2019
2019-10-09 00:00:00,2488.6,2430.2,618.9,399,454,09.10.2019-05.11.2019,28,2019-09-01 00:00:00,14.10.2019 — 16.10.2019
2019-11-06 00:00:00,2499.1,2436.2,619.4,392,450,06.11.2019-10.12.2019,35,2019-10-01 00:00:00,15.11.2019 — 19.11.2019
2019-12-11 00:00:00,2526.4,2427.8,617.4,385,442,11.12.2019-14.01.2020,35,2019-11-01 00:00:00,13.12.2019 — 17.12.2019
2020-01-15 00:00:00,2479.3,2418.4,617.6,381,437,15.01.2020-11.02.2020,28,2019-12-01 00:00:00,22.01.2020 — 24.01.2020
2020-02-12 00:00:00,2474.1,2398.3,612.7,381,436,12.02.2020-10.03.2020,28,2020-01-01 00:00:00,14.02.2020 — 18.02.2020
2020-03-11 00:00:00,2536.4,2430.8,622,381,436,11.03.2020-07.04.2020,28,2020-02-01 00:00:00,16.03.2020 — 18.03.2020
2020-04-08 00:00:00,2684.8,2604.9,664.8,378,434,08.04.2020-12.05.2020,35,2020-03-01 00:00:00,17.04.2020 — 21.04.2020
2020-05-13 00:00:00,2699.5,2634.6,671.3,373,429,13.05.2020-09.06.2020,28,2020-04-01 00:00:00,20.05.2020 — 22.05.2020
2020-06-10 00:00:00,2635.7,2569.5,656.3,372,428,10.06.2020-07.07.2020,28,2020-05-01 00:00:00,15.06.2020 — 17.06.2020
2020-07-08 00:00:00,2589.6,2528.5,646.7,370,424,08.07.2020-04.08.2020,28,2020-06-01 00:00:00, 15.07.2020 — 17.07.2020
2020-08-05 00:00:00,2631.7,2577.9,659.2,369,419,05.08.2020-08.09.2020,35,2020-07-01 00:00:00,14.08.2020 — 18.08.2020
2020-09-09 00:00:00,2699,2633.9,673.2,367,417,09.09.2020-06.10.2020,28,2020-08-01 00:00:00,    14.09.2020 — 16.09.2020
2020-10-07 00:00:00,2753.1,2688.3,686.2,363,415,07.10.2020-10.11.2020,35,2020-09-01 00:00:00,14.10.2020 — 16.10.2020
2020-11-11 00:00:00,2806.4,2736.7,699,360,411,11.11.2020-08.12.2020,28,2020-10-01 00:00:00,16.11.2020 — 18.11.2020
2020-12-09 00:00:00,2902,2790.7,713.6,357,407,09.12.2020-12.01.2021,35,2020-11-01 00:00:00,14.12.2020 — 16.12.2020
2021-01-13 00:00:00,2878.5,2818.1,720.7,357,406,13.01.2021-09.02.2021,28,2020-12-01 00:00:00,22.01.2021 — 26.01.2021
2021-02-10 00:00:00,2895.3,2825,722,357,406,10.02.2021-09.03.2021,28,2021-01-01 00:00:00,12.02.2021 — 16.02.2021
2021-03-10 00:00:00,2964.7,2906.3,740.9,351,400,10.03.2021-06.04.2021,28,2021-02-01 00:00:00,15.03.2021 — 17.03.2021
2021-04-07 00:00:00,3010.7,2934.1,748.8,341,390,07.04.2021-11.05.2021,35,2021-03-01 00:00:00,14.04.2021 — 16.04.2021
2021-05-12 00:00:00,3081.6,3005.8,771.8,335,386,12.05.2021-08.06.2021,28,2021-04-01 00:00:00,18.05.2021 — 20.05.2021
2021-06-09 00:00:00,3134.3,3032,772.4,332,380,09.06.2021-06.07.2021,28,2021-05-01 00:00:00,15.06.2021 — 17.06.2021
2021-07-07 00:00:00,3169.3,3038.5,773.5,329,378,07.07.2021-10.08.2021,35,2021-06-01 00:00:00,14.07.2021 — 16.07.2021
2021-08-11 00:00:00,3193.5,3058.6,777.9,327,375,11.08.2021-07.09.2021,28,2021-07-01 00:00:00,13.08.2021 — 17.08.2021
2021-09-08 00:00:00,3242.9,3104.1,788.5,326,374,08.09.2021-12.10.2021,35,2021-08-01 00:00:00,14.09.2021 — 16.09.2021
2021-10-13 00:00:00,3264.6,3131.5,794.4,327,372,13.10.2021-09.11.2021,28,2021-09-01 00:00:00,14.10.2021 — 18.10.2021
2021-11-10 00:00:00,3292.1,3148.9,799.9,324,370,10.11.2021-07.12.2021,28,2021-10-01 00:00:00,16.11.2021 — 18.11.2021
2021-12-08 00:00:00,3352.8,3207.4,815.3,325,370,08.12.2021-11.01.2022,35,2021-11-01 00:00:00,14.12.2021 — 16.12.2021
2022-01-12 00:00:00,3323.2,3244.6,825.4,324,368,12.01.2022-08.02.2022,28,2021-12-01 00:00:00,21.01.2022 — 25.01.2022
2022-02-09 00:00:00,3307.2,3304.6,843.3,320,366,09.02.2022-08.03.2022,28,2022-01-01 00:00:00,14.02.2022 — 16.02.2022
2022-03-09 00:00:00,1464.9,1283.1,150,322,365,09.03.2022-12.04.2022,35,2022-02-01 00:00:00,15.03.2022 — 17.03.2022
2022-04-13 00:00:00,1541.8,1420.9,162.1,322,364,13.04.2022-17.05.2022,35,2022-03-01 00:00:00,14.04.2022 — 18.04.2022
2022-05-18 00:00:00,1464.9,1325.5,145.9,363,363,18.05.2022-14.06.2022,28,2022-04-01 00:00:00,23.05.2022 — 25.05.2022
2022-06-15 00:00:00,1774.4,1631.2,145.9,364,364,15.06.2022-12.07.2022,28,2022-05-01 00:00:00,17.06.2022 — 21.06.2022
2022-07-13 00:00:00,1719.6,1568.7,146,363,363,13.07.2022-09.08.2022,28,2022-06-01 00:00:00,18.07.2022 — 20.07.2022
2022-08-10 00:00:00,1694.4,1562.1,146,361,361,10.08.2022-13.09.2022,35,2022-07-01 00:00:00,16.08.2022 — 18.08.2022
2022-09-14 00:00:00,2451.6,2320.5,145.9,361,361,14.09.2022-11.10.2022,28,2022-08-01 00:00:00,16.09.2022 — 20.09.2022
2022-10-12 00:00:00,2430.3,2323.3,145.9,360,360,12.10.2022-15.11.2022,35,2022-09-01 00:00:00,18.10.2022 — 20.10.2022
2022-11-16 00:00:00,2406.7,2305.2,145.9,361,361,16.11.2022-13.12.2022,28,2022-10-01 00:00:00,17.11.2022 — 20.12.2022
2022-12-14 00:00:00,2460.6,2322.1,145.9,361,361,14.12.2022-17.01.2023,35,2022-11-01 00:00:00,16.12.2022 — 20.12.2022
2023-01-18 00:00:00,2513.2,2431.6,145.9,361,361,18.01.2023-14.02.2023,28,2022-12-01 00:00:00,24.01.2023 — 26.01.2023
2023-02-15 00:00:00,2495.8,2402.1,265.4,361,361,15.02.2023-14.03.2023,28,2023-01-01 00:00:00,16.02.2023 — 20.02.2023
2023-03-15 00:00:00,2539.5,2453.2,265.4,362,362,15.03.2023-11.04.2023,28,2023-02-01 00:00:00,17.03.2023 — 21.03.2023
2023-04-12 00:00:00,3634.2,3547.9,265.3,361,361,12.04.2023-16.05.2023,35,2023-03-01 00:00:00,18.04.2023 — 20.04.2023
2023-05-17 00:00:00,3693.1,3611.6,271.3,360,360,17.05.2023-13.06.2023,28,2023-04-01 00:00:00,19.05.2023 — 23.05.2023
2023-06-14 00:00:00,3689.9,3621.4,271.3,361,361,14.06.2023-11.07.2023,28,2023-05-01 00:00:00,19.06.2023 — 21.06.2023
2023-07-12 00:00:00,4328.4,4255.8,271.3,360,360,12.07.2023-08.08.2023,28,2023-06-01 00:00:00,18.07.2023 — 20.07.2023
2023-08-09 00:00:00,4467.4,4385.3,271.7,360,360,09.08.2023-12.09.2023,35,2023-07-01 00:00:00,16.08.2023 — 18.08.2023
2023-09-13 00:00:00,4577.9,4503.9,271.7,360,360,13.09.2023-10.10.2023,28,2023-08-01 00:00:00,18.09.2023 — 20.09.2023
2023-10-11 00:00:00,4641,4562.5,271.7,360,360,11.10.2023-14.11.2023,35,2023-09-01 00:00:00,17.10.2023 — 19.10.2023
2023-11-15 00:00:00,4667.076071714286,4595.6,271.7,360,360,15.11.2023-12.12.2023,28,2023-10-01 00:00:00,17.11.2023 — 21.11.2023
2023-12-13 00:00:00,4656.088571428571,4564.6,271.7,360,360,13.12.2023-16.01.2024,35,2023-11-01 00:00:00,18.12.2023 — 20.12.2023
2024-01-17 00:00:00,4723,4647.3,273.2,360,360,17.01.2024-13.02.2024,28,2023-12-01 00:00:00,24.01.2024 — 26.01.2024
2024-02-14 00:00:00,4799.78,4712.3,273.1,359,358,14.02.2024-12.03.2024,28,2024-01-01 00:00:00,16.02.2024 — 20.02.2024
2024-03-13 00:00:00,4658.6,4571.8,504.2,356,357,13.03.2024-09.04.2024,28,2024-02-01 00:00:00,19.03.2024 — 21.03.2024
2024-04-10 00:00:00,4670,4581.9,504.2,356,356,10.04.2024-07.05.2024,28,2024-03-01 00:00:00,16.04.2024 — 18.04.2024
2024-05-08 00:00:00,4751.6,4677,504.2,356,356,08.05.2024-04.06.2024,28,2024-04-01 00:00:00,21.05.2024 — 23.05.2024
2024-06-05 00:00:00,4954.5,4742.1,504.1,355,355,05.06.2024-09.07.2024,35,2024-05-01 00:00:00,19.06.2024 — 21.06.2024
2024-07-10 00:00:00,5134.3,4769.3,504,355,355,10.07.2024-13.08.2024,35,2024-06-01 00:00:00,16.07.2024 — 18.07.2024
2024-08-14 00:00:00,4989.1,4746.3,504,355,355,14.08.2024-10.09.2024,28,2024-07-01 00:00:00,16.08.2024 — 20.08.2024
2024-09-11 00:00:00,4923.8,4806.6,504,354,354,11.09.2024-08.10.2024,28,2024-08-01 00:00:00,17.09.2024 — 19.09.2024
2024-10-09 00:00:00,5051.7,4925.4,504,354,354,09.10.2024-12.11.2024,35,2024-09-01 00:00:00,16.10.2024 — 18.10.2024
2024-11-13 00:00:00,5135.4,5019.5,504,354,354,13.11.2024-10.12.2024,28,2024-10-01 00:00:00,18.11.2024 — 20.11.2024
2024-12-11 00:00:00,5291.5,5136.3,499.3,353,353,11.12.2024-14.01.2025,35,2024-11-01 00:00:00,17.12.2024 — 19.12.2024
2025-01-15 00:00:00,5232.9,5150.2,499.7,349,349,15.01.2025-11.02.2025,28,2024-12-01 00:00:00,24.01.2025 — 28.01.2025
2025-02-12 00:00:00,5239.2,5181.7,499.7,350,350,12.02.2025-11.03.2025,28,2025-01-01 00:00:00,18.02.2025 — 20.02.2025
2025-03-12 00:00:00,5110,5064.8,560.8,351,351,12.03.2025-08.04.2025,28,2025-02-01 00:00:00,18.03.2025 — 20.03.2025
2025-04-09 00:00:00,5052.1,4995.7,560.8,349,349,09.04.2025-06.05.2025,28,2025-03-01 00:00:00,16.04.2025 — 18.04.2025
2025-05-07 00:00:00,5009.7,4963.4,560.8,348,348,07.05.2025-03.06.2025,28,2025-04-01 00:00:00,22.05.2025 — 26.05.2025
2025-06-04 00:00:00,5027.02,4960.1,554.8,349,349,04.06.2025-08.07.2025,35,2025-05-01 00:00:00,19.06.2025 — 23.06.2025
2025-07-09 00:00:00,4996.1,4950.9,554.8,352,352,09.07.2025-12.08.2025,35,2025-06-01 00:00:00,16.07.2025 — 18.07.2025
2025-08-13 00:00:00,5058.6,5003.6,554.8,352,352,13.08.2025-09.09.2025,28,2025-07-01 00:00:00,18.08.2025 — 20.08.2025
2025-09-10 00:00:00,5147.3,5080.5,554.8,351,351,10.09.2025-07.10.2025,28,2025-08-01 00:00:00,16.09.2025 — 18.09.2025
2025-10-08 00:00:00,5250.5,5185.4,554.6,351,351,08.10.2025-11.11.2025,35,2025-09-01 00:00:00,16.10.2025 — 20.10.2025
2025-11-12 00:00:00,5265.5,5203.3,554.1,351,351,12.11.2025-09.12.2025,28,2025-10-01 00:00:00,19.11.2025 — 21.11.2025
2025-12-10 00:00:00,5428.5,5307.6,554.1,350,350,10.12.2025-13.01.2026,35,2025-11-01 00:00:00,16.12.2025 — 18.12.2025
2026-01-14 00:00:00,5414.2,5314.3,554.6,350,350,14.01.2026-10.02.2026,28,2025-12-01 00:00:00,27.01.2026 — 29.01.2026
2026-02-11 00:00:00,5451.2,5342.2,554.6,350,350,11.02.2026-10.03.2026,28,2026-01-01 00:00:00,17.02.2026 — 19.02.2026
2026-03-11 00:00:00,5407.2,5301.4,587.5,350,350,11.03.2026-14.04.2026,35,2026-02-01 00:00:00,18.03.2026 — 20.03.2026
2026-04-15 00:00:00,5445.4,5315.5,587.5,349,349,15.04.2026-12.05.2026,28,2026-03-01 00:00:00,16.04.2026 — 20.04.2026
2026-05-13 00:00:00,,5280.4,588.4,347,347,13.05.2026-09.06.2026,28,2026-04-01 00:00:00,20.05.2026 — 22.05.2026
,,,,,,,,,
1 Данные по результатам регулирования обязательных резервов за отчетный период.,,,,,,,,,
"2 Расчет величины обязательных резервов, поддержанных кредитными организациями на корсчетах, изменялся в целях повышения эффективности работы инструмента, а также из-за обновления нормативных актов. В 2004-2015 гг. применялась формула средней хронологической к остаткам средств на корсчете на начало каждого дня периода усреднения. В 2016 г. применялась формула средней арифметической к остаткам средств на корсчетах на начало каждого дня периода усреднения; с 2017 г. - применяется формула средней арифметической к остаткам средств на корсчетах на конец каждого дня периода усреднения. По тем же формулам рассчитаны фактические среднедневные остатки средств на корсчетах. ",,,,,,,,,
3 Данные публикуются после завершения периода усреднения.,,,,,,,,,
"4 Данные публикуются на 16-ый рабочий день месяца, следующего за отчетным (2-ой рабочий день после завершения периода регулирования).
До 16-го рабочего дня месяца, следующего за отчетным, указывается прогнозное значение.",,,,,,,,,
"5 С учетом результатов внеочередного регулирования обязательных резервов (18-22 сентября 2008 года, 15-17 октября 2008 года).",,,,,,,,,
"6 Расчет размера резервируемых обязательств изменялся из-за обновления нормативных актов, регулирующих порядок бухгалтерского учета. В 2004-2016 гг. применялась формула средней хронологической к остаткам средств на счетах на начало каждого дня отчетного периода; с 2017 г. применяется формула средней арифметической к остаткам на конец каждого дня отчетного периода.",,,,,,,,,
"7 Для отчетных периодов с августа 2004 г. по декабрь 2009 г. указаны периоды регулирования для всех кредитных организаций, кроме крупных кредитных организаций с широкой сетью подразделений. Для крупных кредитных организаций с широкой сетью подразделений  периоды регулирования за отчетные периоды с декабря  2006 г. по ноябрь 2009 г. смещены на один месяц вперед (например, в 2009 г. для отчетного периода 01.10-01.11 период регулирования 14.12-16.12).",,,,,,,,,
"8 В скобках: количество кредитных организаций, принявших участие во внеочередном регулировании обязательных резервов.",,,,,,,,,
