0,1,2,3,4,5,6,7,8,9,10,11,12,13,14
Дата,Требования1,Требования1,Требования1,Требования1,Требования1,Требования1,Требования1,"Справочно: денежные средства, предоставленные Банком России по первым частям сделок репо2","Справочно: денежные средства, предоставленные Банком России по первым частям сделок репо2","Справочно: денежные средства, предоставленные Банком России по первым частям сделок репо2","Справочно: денежные средства, предоставленные Банком России по первым частям сделок репо2","Справочно: денежные средства, предоставленные Банком России по первым частям сделок репо2","Справочно: денежные средства, предоставленные Банком России по первым частям сделок репо2","Справочно: денежные средства, предоставленные Банком России по первым частям сделок репо2"
Дата,всего,по итогам аукционов,по итогам аукционов,по итогам аукционов,по итогам аукционов,по операциям постоянного действия,по операциям постоянного действия,всего,по итогам аукционов,по итогам аукционов,по итогам аукционов,по итогам аукционов,по операциям постоянного действия,по операциям постоянного действия
Дата,всего,ТН,ОСН,1 мес,1 год,ОМ3,ДМ,всего,ТН,ОСН,1 мес,1 год,ОМ3,ДМ
02.06.2026,"4 348 669,2",00,"4 328 795,4",00,00,"19 873,7",00,"4 339 865,3",00,"4 320 000,0",00,00,"19 865,3",00
01.06.2026,"4 343 910,9",00,"4 328 891,8",00,00,"15 019,1",00,"4 335 000,0",00,"4 320 000,0",00,00,"15 000,0",00
29.05.2026,"4 328 891,8",00,"4 328 891,8",00,00,00,00,"4 320 000,0",00,"4 320 000,0",00,00,00,00
28.05.2026,"4 332 024,1",00,"4 332 024,1",00,00,00,00,"4 320 000,0",00,"4 320 000,0",00,00,00,00
27.05.2026,"4 423 030,3",00,"4 420 244,8",00,00,"2 785,5",00,"4 412 784,3",00,"4 410 000,0",00,00,"2 784,3",00
26.05.2026,"4 420 244,8",00,"4 420 244,8",00,00,00,00,"4 410 000,0",00,"4 410 000,0",00,00,00,00
25.05.2026,"4 420 244,8",00,"4 420 244,8",00,00,00,00,"4 410 000,0",00,"4 410 000,0",00,00,00,00
22.05.2026,"4 420 244,8",00,"4 420 244,8",00,00,00,00,"4 410 000,0",00,"4 410 000,0",00,00,00,00
21.05.2026,"4 426 026,4",00,"4 422 273,9",00,00,"3 752,5",00,"4 413 750,9",00,"4 410 000,0",00,00,"3 750,9",00
20.05.2026,"4 791 543,3",00,"4 791 543,3",00,00,00,00,"4 780 000,0",00,"4 780 000,0",00,00,00,00
19.05.2026,"4 792 305,6",00,"4 792 305,6",00,00,00,00,"4 780 000,0",00,"4 780 000,0",00,00,00,00
18.05.2026,"4 792 670,6",00,"4 792 670,6",00,00,00,00,"4 780 000,0",00,"4 780 000,0",00,00,00,00
15.05.2026,"4 793 302,6",00,"4 793 302,6",00,00,00,00,"4 780 000,0",00,"4 780 000,0",00,00,00,00
14.05.2026,"4 793 302,6",00,"4 793 302,6",00,00,00,00,"4 780 000,0",00,"4 780 000,0",00,00,00,00
13.05.2026,"4 139 812,2",00,"4 139 812,2",00,00,00,00,"4 130 000,0",00,"4 130 000,0",00,00,00,00
12.05.2026,"4 139 812,2",00,"4 139 812,2",00,00,00,00,"4 130 000,0",00,"4 130 000,0",00,00,00,00
11.05.2026,"4 141 282,4",00,"4 141 282,4",00,00,00,00,"4 130 000,0",00,"4 130 000,0",00,00,00,00
08.05.2026,"4 141 282,4",00,"4 141 282,4",00,00,00,00,"4 130 000,0",00,"4 130 000,0",00,00,00,00
07.05.2026,"4 144 283,3",00,"4 141 495,9",00,00,"2 787,4",00,"4 132 786,2",00,"4 130 000,0",00,00,"2 786,2",00
06.05.2026,"4 602 699,0",00,"4 602 699,0",00,00,00,00,"4 590 000,0",00,"4 590 000,0",00,00,00,00
05.05.2026,"4 602 699,0",00,"4 602 699,0",00,00,00,00,"4 590 000,0",00,"4 590 000,0",00,00,00,00
04.05.2026,"4 602 699,0",00,"4 602 699,0",00,00,00,00,"4 590 000,0",00,"4 590 000,0",00,00,00,00
30.04.2026,"4 602 807,5",00,"4 602 807,5",00,00,00,00,"4 590 000,0",00,"4 590 000,0",00,00,00,00
29.04.2026,"4 489 916,1",00,"4 489 916,1",00,00,00,00,"4 480 000,0",00,"4 480 000,0",00,00,00,00
28.04.2026,"4 491 360,8",00,"4 491 359,8",00,00,10,00,"4 480 001,0",00,"4 480 000,0",00,00,10,00
27.04.2026,"4 492 897,5",00,"4 492 897,5",00,00,00,00,"4 480 000,0",00,"4 480 000,0",00,00,00,00
24.04.2026,"4 492 897,5",00,"4 492 897,5",00,00,00,00,"4 480 000,0",00,"4 480 000,0",00,00,00,00
23.04.2026,"4 492 897,5",00,"4 492 897,5",00,00,00,00,"4 480 000,0",00,"4 480 000,0",00,00,00,00
22.04.2026,"4 342 386,4",00,"4 342 386,4",00,00,00,00,"4 330 000,0",00,"4 330 000,0",00,00,00,00
21.04.2026,"4 342 467,0",00,"4 342 467,0",00,00,00,00,"4 330 000,0",00,"4 330 000,0",00,00,00,00
20.04.2026,"4 342 467,0",00,"4 342 467,0",00,00,00,00,"4 330 000,0",00,"4 330 000,0",00,00,00,00
17.04.2026,"4 342 467,0",00,"4 342 467,0",00,00,00,00,"4 330 000,0",00,"4 330 000,0",00,00,00,00
16.04.2026,"4 342 467,0",00,"4 342 467,0",00,00,00,00,"4 330 000,0",00,"4 330 000,0",00,00,00,00
15.04.2026,"4 932 643,1","310 127,4","4 622 515,7",00,00,00,00,"4 920 000,0","310 000,0","4 610 000,0",00,00,00,00
14.04.2026,"4 623 072,7",00,"4 623 072,7",00,00,00,00,"4 610 000,0",00,"4 610 000,0",00,00,00,00
13.04.2026,"4 623 072,7",00,"4 623 072,7",00,00,00,00,"4 610 000,0",00,"4 610 000,0",00,00,00,00
10.04.2026,"4 623 275,0",00,"4 623 275,0",00,00,00,00,"4 610 000,0",00,"4 610 000,0",00,00,00,00
09.04.2026,"4 623 275,0",00,"4 623 275,0",00,00,00,00,"4 610 000,0",00,"4 610 000,0",00,00,00,00
08.04.2026,"4 230 687,3",00,"4 230 687,3",00,00,00,00,"4 220 000,0",00,"4 220 000,0",00,00,00,00
07.04.2026,"4 232 005,7",00,"4 232 005,7",00,00,00,00,"4 220 000,0",00,"4 220 000,0",00,00,00,00
06.04.2026,"4 232 165,6",00,"4 232 165,6",00,00,00,00,"4 220 000,0",00,"4 220 000,0",00,00,00,00
03.04.2026,"4 232 165,6",00,"4 232 165,6",00,00,00,00,"4 220 000,0",00,"4 220 000,0",00,00,00,00
02.04.2026,"4 232 165,6",00,"4 232 165,6",00,00,00,00,"4 220 000,0",00,"4 220 000,0",00,00,00,00
01.04.2026,"4 101 482,8",00,"4 101 482,8",00,00,00,00,"4 090 000,0",00,"4 090 000,0",00,00,00,00
31.03.2026,"4 101 710,7",00,"4 101 710,7",00,00,00,00,"4 090 000,0",00,"4 090 000,0",00,00,00,00
30.03.2026,"4 101 710,7",00,"4 101 710,7",00,00,00,00,"4 090 000,0",00,"4 090 000,0",00,00,00,00
27.03.2026,"4 101 710,7",00,"4 101 710,7",00,00,00,00,"4 090 000,0",00,"4 090 000,0",00,00,00,00
26.03.2026,"4 101 802,7",00,"4 101 802,7",00,00,00,00,"4 090 000,0",00,"4 090 000,0",00,00,00,00
25.03.2026,"4 242 587,0",00,"4 190 498,0",00,00,"52 089,0",00,"4 232 066,1",00,"4 180 000,0",00,00,"52 066,1",00
24.03.2026,"4 222 067,9",00,"4 191 283,0",00,00,"30 785,0",00,"4 210 771,5",00,"4 180 000,0",00,00,"30 771,5",00
23.03.2026,"4 222 059,6",00,"4 191 283,0",00,00,"30 776,7",00,"4 210 735,0",00,"4 180 000,0",00,00,"30 735,0",00
20.03.2026,"4 233 432,6",00,"4 192 432,0",00,00,"41 000,6",00,"4 220 982,1",00,"4 180 000,0",00,00,"40 982,1",00
19.03.2026,"4 197 823,4",00,"4 192 432,0",00,00,"5 391,3",00,"4 185 388,9",00,"4 180 000,0",00,00,"5 388,9",00
18.03.2026,"3 675 878,1",00,"3 670 889,8",00,00,"4 988,3",00,"3 664 986,0",00,"3 660 000,0",00,00,"4 986,0",00
17.03.2026,"3 670 889,8",00,"3 670 889,8",00,00,00,00,"3 660 000,0",00,"3 660 000,0",00,00,00,00
16.03.2026,"3 672 743,6",00,"3 670 889,8",00,00,"1 853,8",00,"3 661 851,3",00,"3 660 000,0",00,00,"1 851,3",00
13.03.2026,"3 672 730,6",00,"3 670 889,8",00,00,"1 840,7",00,"3 661 839,9",00,"3 660 000,0",00,00,"1 839,9",00
12.03.2026,"3 670 889,8",00,"3 670 889,8",00,00,00,00,"3 660 000,0",00,"3 660 000,0",00,00,00,00
11.03.2026,"6 080 105,3","3 081 308,5","2 998 796,7",00,00,00,00,"6 070 000,0","3 080 000,0","2 990 000,0",00,00,00,00
10.03.2026,"3 015 487,7",00,"2 998 796,7",00,00,"16 691,0",00,"3 006 683,4",00,"2 990 000,0",00,00,"16 683,4",00
09.03.2026,"2 998 975,1",00,"2 998 900,0",00,00,751,00,"2 990 075,0",00,"2 990 000,0",00,00,750,00
06.03.2026,"2 998 900,0",00,"2 998 900,0",00,00,00,00,"2 990 000,0",00,"2 990 000,0",00,00,00,00
05.03.2026,"2 998 900,0",00,"2 998 900,0",00,00,00,00,"2 990 000,0",00,"2 990 000,0",00,00,00,00
04.03.2026,"3 198 791,0",00,"3 198 791,0",00,00,00,00,"3 190 000,0",00,"3 190 000,0",00,00,00,00
03.03.2026,"3 199 157,0",00,"3 199 157,0",00,00,00,00,"3 190 000,0",00,"3 190 000,0",00,00,00,00
02.03.2026,"3 199 207,1",00,"3 199 157,0",00,00,501,00,"3 190 050,0",00,"3 190 000,0",00,00,500,00
27.02.2026,"3 199 499,7",00,"3 199 499,7",00,00,00,00,"3 190 000,0",00,"3 190 000,0",00,00,00,00
26.02.2026,"3 199 499,7",00,"3 199 499,7",00,00,00,00,"3 190 000,0",00,"3 190 000,0",00,00,00,00
25.02.2026,"3 168 378,0",00,"3 168 378,0",00,00,00,00,"3 160 000,0",00,"3 160 000,0",00,00,00,00
24.02.2026,"3 169 007,4",00,"3 169 007,4",00,00,00,00,"3 160 000,0",00,"3 160 000,0",00,00,00,00
20.02.2026,"3 169 405,3",00,"3 169 405,3",00,00,00,00,"3 160 000,0",00,"3 160 000,0",00,00,00,00
19.02.2026,"3 169 405,3",00,"3 169 405,3",00,00,00,00,"3 160 000,0",00,"3 160 000,0",00,00,00,00
18.02.2026,"3 239 874,9",00,"3 239 874,9",00,00,00,00,"3 230 000,0",00,"3 230 000,0",00,00,00,00
17.02.2026,"3 239 874,9",00,"3 239 874,9",00,00,00,00,"3 230 000,0",00,"3 230 000,0",00,00,00,00
16.02.2026,"3 239 894,2",00,"3 239 894,2",00,00,00,00,"3 230 000,0",00,"3 230 000,0",00,00,00,00
13.02.2026,"3 255 830,6",00,"3 239 894,2",00,00,"15 936,4",00,"3 245 929,0",00,"3 230 000,0",00,00,"15 929,0",00
12.02.2026,"3 264 286,0",00,"3 239 925,7",00,00,"24 360,3",00,"3 254 348,9",00,"3 230 000,0",00,00,"24 348,9",00
11.02.2026,"4 216 900,5","1 450 635,7","2 766 264,8",00,00,00,00,"4 210 000,0","1 450 000,0","2 760 000,0",00,00,00,00
10.02.2026,"2 766 827,0",00,"2 766 827,0",00,00,00,00,"2 760 000,0",00,"2 760 000,0",00,00,00,00
09.02.2026,"2 771 467,4",00,"2 768 485,1",00,00,"2 982,3",00,"2 762 978,1",00,"2 760 000,0",00,00,"2 978,1",00
06.02.2026,"2 771 478,6",00,"2 768 485,1",00,00,"2 993,5",00,"2 762 992,1",00,"2 760 000,0",00,00,"2 992,1",00
05.02.2026,"2 770 733,0",00,"2 768 485,1",00,00,"2 247,9",00,"2 762 246,8",00,"2 760 000,0",00,00,"2 246,9",00
04.02.2026,"3 713 526,0",00,"3 390 444,2",00,00,"323 081,8",00,"3 702 931,4",00,"3 380 000,0",00,00,"322 931,4",00
03.02.2026,"3 716 166,1",00,"3 390 444,2",00,00,"325 721,9",00,"3 705 570,3",00,"3 380 000,0",00,00,"325 570,3",00
02.02.2026,"3 718 829,4",00,"3 390 444,2",00,00,"328 385,2",00,"3 707 927,0",00,"3 380 000,0",00,00,"327 927,0",00
30.01.2026,"3 715 872,5",00,"3 390 444,2",00,00,"325 428,3",00,"3 705 276,8",00,"3 380 000,0",00,00,"325 276,8",00
29.01.2026,"3 728 808,2",00,"3 390 444,2",00,00,"338 364,1",00,"3 718 206,6",00,"3 380 000,0",00,00,"338 206,6",00
28.01.2026,"3 237 133,3",00,"3 237 133,3",00,00,00,00,"3 230 000,0",00,"3 230 000,0",00,00,00,00
27.01.2026,"3 237 140,5",00,"3 237 140,5",00,00,00,00,"3 230 000,0",00,"3 230 000,0",00,00,00,00
26.01.2026,"3 237 140,5",00,"3 237 140,5",00,00,00,00,"3 230 000,0",00,"3 230 000,0",00,00,00,00
23.01.2026,"3 237 645,9",00,"3 237 645,9",00,00,00,00,"3 230 000,0",00,"3 230 000,0",00,00,00,00
22.01.2026,"3 239 927,8",00,"3 239 927,8",00,00,00,00,"3 230 000,0",00,"3 230 000,0",00,00,00,00
21.01.2026,"3 335 685,5",00,"3 317 414,2",00,00,"18 271,4",00,"3 328 262,9",00,"3 310 000,0",00,00,"18 262,9",00
20.01.2026,"3 338 470,1",00,"3 317 414,2",00,00,"21 055,9",00,"3 331 046,1",00,"3 310 000,0",00,00,"21 046,1",00
19.01.2026,"3 321 915,6",00,"3 317 414,2",00,00,"4 501,4",00,"3 314 495,1",00,"3 310 000,0",00,00,"4 495,1",00
16.01.2026,"3 318 300,6",00,"3 318 300,6",00,00,00,00,"3 310 000,0",00,"3 310 000,0",00,00,00,00
15.01.2026,"3 320 193,2",00,"3 320 193,2",00,00,00,00,"3 310 000,0",00,"3 310 000,0",00,00,00,00
14.01.2026,"5 068 587,9",00,"4 731 256,4",00,00,"337 331,5",00,"5 037 174,5",00,"4 700 000,0",00,00,"337 174,5",00
13.01.2026,"5 055 678,1",00,"4 731 299,1",00,00,"324 379,0",00,"5 024 228,0",00,"4 700 000,0",00,00,"324 228,0",00
12.01.2026,"5 108 851,7",00,"4 731 299,1",00,00,"377 552,6",00,"5 075 437,4",00,"4 700 000,0",00,00,"375 437,4",00
09.01.2026,"5 113 113,2",00,"4 731 299,1",00,00,"377 552,6","4 261,5","5 079 678,3",00,"4 700 000,0",00,00,"375 437,4","4 240,9"
08.01.2026,"5 113 271,2",00,"4 731 299,1",00,00,"377 710,6","4 261,5","5 079 678,3",00,"4 700 000,0",00,00,"375 437,4","4 240,9"
06.01.2026,"5 113 271,2",00,"4 731 299,1",00,00,"377 710,6","4 261,5","5 079 678,3",00,"4 700 000,0",00,00,"375 437,4","4 240,9"
05.01.2026,"5 113 271,2",00,"4 731 299,1",00,00,"377 710,6","4 261,5","5 079 678,3",00,"4 700 000,0",00,00,"375 437,4","4 240,9"
30.12.2025,"3 639 108,2",00,"3 637 200,2",00,00,"1 908,0",00,"3 631 907,1",00,"3 630 000,0",00,00,"1 907,1",00
29.12.2025,"3 637 200,2",00,"3 637 200,2",00,00,00,00,"3 630 000,0",00,"3 630 000,0",00,00,00,00
26.12.2025,"3 639 602,7",00,"3 639 602,7",00,00,00,00,"3 630 000,0",00,"3 630 000,0",00,00,00,00
25.12.2025,"3 639 602,7",00,"3 639 602,7",00,00,00,00,"3 630 000,0",00,"3 630 000,0",00,00,00,00
24.12.2025,"3 445 813,9",00,"3 428 260,5",00,00,"17 553,4",00,"3 437 545,3",00,"3 420 000,0",00,00,"17 545,3",00
23.12.2025,"3 429 583,3",00,"3 429 583,3",00,00,00,00,"3 420 000,0",00,"3 420 000,0",00,00,00,00
22.12.2025,"3 429 583,3",00,"3 429 583,3",00,00,00,00,"3 420 000,0",00,"3 420 000,0",00,00,00,00
19.12.2025,"3 430 807,4",00,"3 430 807,4",00,00,00,00,"3 420 000,0",00,"3 420 000,0",00,00,00,00
18.12.2025,"3 430 823,7",00,"3 430 823,7",00,00,00,00,"3 420 000,0",00,"3 420 000,0",00,00,00,00
17.12.2025,"3 187 557,5",00,"3 187 557,5",00,00,00,00,"3 180 000,0",00,"3 180 000,0",00,00,00,00
16.12.2025,"3 187 557,5",00,"3 187 557,5",00,00,00,00,"3 180 000,0",00,"3 180 000,0",00,00,00,00
15.12.2025,"3 187 557,5",00,"3 187 557,5",00,00,00,00,"3 180 000,0",00,"3 180 000,0",00,00,00,00
12.12.2025,"3 187 557,5",00,"3 187 557,5",00,00,00,00,"3 180 000,0",00,"3 180 000,0",00,00,00,00
11.12.2025,"3 190 067,8",00,"3 190 067,8",00,00,00,00,"3 180 000,0",00,"3 180 000,0",00,00,00,00
10.12.2025,"4 815 340,9",00,"3 280 355,3",00,00,"1 534 985,6",00,"4 804 250,0",00,"3 270 000,0",00,00,"1 534 250,0",00
09.12.2025,"4 032 742,7",00,"3 280 355,3",00,00,"752 387,4",00,"4 022 026,8",00,"3 270 000,0",00,00,"752 026,8",00
08.12.2025,"3 280 355,3",00,"3 280 355,3",00,00,00,00,"3 270 000,0",00,"3 270 000,0",00,00,00,00
05.12.2025,"3 280 355,3",00,"3 280 355,3",00,00,00,00,"3 270 000,0",00,"3 270 000,0",00,00,00,00
04.12.2025,"3 280 355,3",00,"3 280 355,3",00,00,00,00,"3 270 000,0",00,"3 270 000,0",00,00,00,00
03.12.2025,"2 856 794,1",00,"2 856 794,1",00,00,00,00,"2 850 000,0",00,"2 850 000,0",00,00,00,00
02.12.2025,"2 857 144,3",00,"2 857 144,3",00,00,00,00,"2 850 000,0",00,"2 850 000,0",00,00,00,00
01.12.2025,"2 857 144,3",00,"2 857 144,3",00,00,00,00,"2 850 000,0",00,"2 850 000,0",00,00,00,00
28.11.2025,"2 857 173,0",00,"2 857 168,2",00,00,48,00,"2 850 004,8",00,"2 850 000,0",00,00,48,00
27.11.2025,"2 859 028,0",00,"2 859 028,0",00,00,00,00,"2 850 000,0",00,"2 850 000,0",00,00,00,00
26.11.2025,"2 832 344,7",00,"2 832 344,7",00,00,00,00,"2 830 000,0",00,"2 830 000,0",00,00,00,00
25.11.2025,"2 832 344,7",00,"2 832 344,7",00,00,00,00,"2 830 000,0",00,"2 830 000,0",00,00,00,00
24.11.2025,"2 832 947,4",00,"2 832 947,4",00,00,00,00,"2 830 000,0",00,"2 830 000,0",00,00,00,00
21.11.2025,"2 833 375,1",00,"2 833 375,1",00,00,00,00,"2 830 000,0",00,"2 830 000,0",00,00,00,00
20.11.2025,"2 838 965,0",00,"2 838 965,0",00,00,00,00,"2 830 000,0",00,"2 830 000,0",00,00,00,00
19.11.2025,"2 317 318,6",00,"2 317 318,6",00,00,00,00,"2 310 000,0",00,"2 310 000,0",00,00,00,00
18.11.2025,"2 317 318,6",00,"2 317 318,6",00,00,00,00,"2 310 000,0",00,"2 310 000,0",00,00,00,00
17.11.2025,"2 317 328,6",00,"2 317 318,6",00,00,100,00,"2 310 010,0",00,"2 310 000,0",00,00,100,00
14.11.2025,"2 317 318,6",00,"2 317 318,6",00,00,00,00,"2 310 000,0",00,"2 310 000,0",00,00,00,00
13.11.2025,"2 317 318,6",00,"2 317 318,6",00,00,00,00,"2 310 000,0",00,"2 310 000,0",00,00,00,00
12.11.2025,"2 977 104,0","850 384,4","2 126 719,6",00,00,00,00,"2 970 000,0","850 000,0","2 120 000,0",00,00,00,00
11.11.2025,"2 126 719,6",00,"2 126 719,6",00,00,00,00,"2 120 000,0",00,"2 120 000,0",00,00,00,00
10.11.2025,"2 126 719,6",00,"2 126 719,6",00,00,00,00,"2 120 000,0",00,"2 120 000,0",00,00,00,00
07.11.2025,"2 126 719,6",00,"2 126 719,6",00,00,00,00,"2 120 000,0",00,"2 120 000,0",00,00,00,00
06.11.2025,"2 126 719,6",00,"2 126 719,6",00,00,00,00,"2 120 000,0",00,"2 120 000,0",00,00,00,00
05.11.2025,"1 684 870,4",00,"1 684 870,4",00,00,00,00,"1 680 000,0",00,"1 680 000,0",00,00,00,00
03.11.2025,"1 685 351,6",00,"1 685 351,6",00,00,00,00,"1 680 000,0",00,"1 680 000,0",00,00,00,00
01.11.2025,"1 685 351,6",00,"1 685 351,6",00,00,00,00,"1 680 000,0",00,"1 680 000,0",00,00,00,00
31.10.2025,"1 685 395,8",00,"1 685 351,6",00,00,442,00,"1 680 044,1",00,"1 680 000,0",00,00,441,00
30.10.2025,"1 700 358,8",00,"1 685 351,6",00,00,"15 007,2",00,"1 695 000,0",00,"1 680 000,0",00,00,"15 000,0",00
29.10.2025,"640 153,3",00,"588 968,9",00,00,"51 184,4",00,"641 159,9",00,"590 000,0",00,00,"51 159,9",00
28.10.2025,"642 297,4",00,"590 545,9",00,00,"51 751,5",00,"641 726,7",00,"590 000,0",00,00,"51 726,7",00
27.10.2025,"646 731,9",00,"590 545,9",00,00,"56 186,0",00,"646 103,0",00,"590 000,0",00,00,"56 103,0",00
24.10.2025,"593 893,8",00,"591 129,5",00,00,"2 764,3",00,"592 763,0",00,"590 000,0",00,00,"2 763,0",00
23.10.2025,"591 929,9",00,"591 929,9",00,00,00,00,"590 000,0",00,"590 000,0",00,00,00,00
22.10.2025,"992 807,9",00,"992 807,9",00,00,00,00,"990 000,0",00,"990 000,0",00,00,00,00
21.10.2025,"992 807,9",00,"992 807,9",00,00,00,00,"990 000,0",00,"990 000,0",00,00,00,00
20.10.2025,"992 807,9",00,"992 807,9",00,00,00,00,"990 000,0",00,"990 000,0",00,00,00,00
17.10.2025,"992 807,9",00,"992 807,9",00,00,00,00,"990 000,0",00,"990 000,0",00,00,00,00
16.10.2025,"993 251,8",00,"993 251,8",00,00,00,00,"990 000,0",00,"990 000,0",00,00,00,00
15.10.2025,"1 472 383,2",00,"1 462 467,6",00,00,"9 915,7",00,"1 469 910,8",00,"1 460 000,0",00,00,"9 910,8",00
14.10.2025,"1 478 041,0",00,"1 462 467,6",00,00,"15 573,5",00,"1 475 565,8",00,"1 460 000,0",00,00,"15 565,8",00
13.10.2025,"1 485 782,5",00,"1 462 467,6",00,00,"23 315,0",00,"1 483 280,5",00,"1 460 000,0",00,00,"23 280,5",00
10.10.2025,"1 470 660,2",00,"1 463 953,8",00,00,"6 706,4",00,"1 466 703,1",00,"1 460 000,0",00,00,"6 703,1",00
09.10.2025,"1 469 724,9",00,"1 464 792,4",00,00,"4 932,4",00,"1 464 930,0",00,"1 460 000,0",00,00,"4 930,0",00
08.10.2025,"1 497 675,9",00,"1 494 050,8",00,00,"3 625,1",00,"1 493 623,4",00,"1 490 000,0",00,00,"3 623,4",00
07.10.2025,"2 308 074,9",00,"1 494 050,8",00,00,"814 024,1",00,"2 303 622,9",00,"1 490 000,0",00,00,"813 622,9",00
06.10.2025,"1 497 667,1",00,"1 494 050,8",00,00,"3 616,3",00,"1 493 611,0",00,"1 490 000,0",00,00,"3 611,0",00
03.10.2025,"1 494 893,7",00,"1 494 893,7",00,00,00,00,"1 490 000,0",00,"1 490 000,0",00,00,00,00
02.10.2025,"1 494 893,7",00,"1 494 893,7",00,00,00,00,"1 490 000,0",00,"1 490 000,0",00,00,00,00
01.10.2025,"1 306 269,2",00,"1 301 736,8",00,00,"4 532,4",00,"1 304 530,2",00,"1 300 000,0",00,00,"4 530,2",00
30.09.2025,"1 306 819,3",00,"1 302 274,9",00,00,"4 544,4",00,"1 304 542,2",00,"1 300 000,0",00,00,"4 542,2",00
29.09.2025,"1 322 696,4",00,"1 302 709,4",00,00,"19 987,0",00,"1 319 957,5",00,"1 300 000,0",00,00,"19 957,5",00
26.09.2025,"1 310 644,5",00,"1 304 213,8",00,00,"6 430,8",00,"1 306 427,6",00,"1 300 000,0",00,00,"6 427,6",00
25.09.2025,"1 308 810,5",00,"1 304 266,6",00,00,"4 543,9",00,"1 304 541,6",00,"1 300 000,0",00,00,"4 541,6",00
24.09.2025,"1 346 500,9",00,"1 332 735,9",00,00,"13 764,9",00,"1 343 758,2",00,"1 330 000,0",00,00,"13 758,2",00
23.09.2025,"1 358 611,9",00,"1 332 817,0",00,00,"25 794,9",00,"1 355 782,1",00,"1 330 000,0",00,00,"25 782,1",00
22.09.2025,"1 335 298,9",00,"1 334 366,7",00,00,9322,00,"1 330 930,8",00,"1 330 000,0",00,00,9308,00
19.09.2025,"1 349 408,0",00,"1 334 366,7",00,00,"15 041,3",00,"1 345 033,8",00,"1 330 000,0",00,00,"15 033,8",00
18.09.2025,"1 342 852,5",00,"1 334 366,7",00,00,"8 485,8",00,"1 338 481,6",00,"1 330 000,0",00,00,"8 481,6",00
17.09.2025,"819 082,1",00,"748 158,4",00,00,"70 923,7",00,"817 933,2",00,"747 044,5",00,00,"70 888,7",00
16.09.2025,"828 840,2",00,"748 553,3",00,00,"80 287,0",00,"827 291,9",00,"747 044,5",00,00,"80 247,4",00
15.09.2025,"806 245,7",00,"749 099,0",00,00,"57 146,6",00,"804 102,1",00,"747 044,5",00,00,"57 057,5",00
12.09.2025,"787 246,4",00,"749 137,6",00,00,"38 108,7",00,"785 133,4",00,"747 044,5",00,00,"38 088,9",00
11.09.2025,"775 644,0",00,"749 627,9",00,00,"26 016,1",00,"773 047,1",00,"747 044,5",00,00,"26 002,5",00
10.09.2025,"1 413 947,0","850 419,2","561 950,0",00,00,"1 577,8",00,"1 411 577,0","850 000,0","560 000,0",00,00,"1 577,0",00
09.09.2025,"2 062 731,8",00,"561 950,0",00,00,"1 500 781,8",00,"2 060 001,0",00,"560 000,0",00,00,"1 500 001,0",00
08.09.2025,"561 950,0",00,"561 950,0",00,00,00,00,"560 000,0",00,"560 000,0",00,00,00,00
05.09.2025,"561 950,0",00,"561 950,0",00,00,00,00,"560 000,0",00,"560 000,0",00,00,00,00
04.09.2025,"561 950,0",00,"561 950,0",00,00,00,00,"560 000,0",00,"560 000,0",00,00,00,00
03.09.2025,"458 538,0",00,"451 128,1",00,00,"7 409,9",00,"457 406,0",00,"450 000,0",00,00,"7 406,0",00
02.09.2025,"470 034,2",00,"451 133,8",00,00,"18 900,4",00,"468 890,6",00,"450 000,0",00,00,"18 890,6",00
01.09.2025,"483 055,1",00,"451 542,0",00,00,"31 513,1",00,"481 464,0",00,"450 000,0",00,00,"31 464,0",00
29.08.2025,"460 361,8",00,"451 568,9",00,00,"8 792,8",00,"458 788,2",00,"450 000,0",00,00,"8 788,2",00
28.08.2025,"454 815,8",00,"451 568,9",00,00,"3 246,9",00,"453 245,2",00,"450 000,0",00,00,"3 245,2",00
27.08.2025,"316 271,5",00,"310 186,0",00,00,"6 085,6",00,"316 082,4",00,"310 000,0",00,00,"6 082,4",00
26.08.2025,"321 461,3",00,"310 186,0",00,00,"11 275,3",00,"321 269,4",00,"310 000,0",00,00,"11 269,4",00
25.08.2025,"310 186,0",00,"310 186,0",00,00,00,00,"310 000,0",00,"310 000,0",00,00,00,00
22.08.2025,"311 084,3",00,"311 084,3",00,00,00,00,"310 000,0",00,"310 000,0",00,00,00,00
21.08.2025,"311 084,3",00,"311 084,3",00,00,00,00,"310 000,0",00,"310 000,0",00,00,00,00
20.08.2025,"524 276,8",00,"501 773,0",00,00,"22 503,8",00,"522 492,1",00,"500 000,0",00,00,"22 492,1",00
19.08.2025,"524 951,7",00,"501 773,0",00,00,"23 178,7",00,"523 166,7",00,"500 000,0",00,00,"23 166,7",00
18.08.2025,"524 890,5",00,"501 773,0",00,00,"23 117,5",00,"523 081,5",00,"500 000,0",00,00,"23 081,5",00
15.08.2025,"522 180,8",00,"501 773,0",00,00,"20 407,9",00,"520 397,2",00,"500 000,0",00,00,"20 397,2",00
14.08.2025,"517 438,3",00,"501 773,0",00,00,"15 665,3",00,"515 657,2",00,"500 000,0",00,00,"15 657,2",00
13.08.2025,"1 609 297,6",00,"1 605 541,6",00,00,"3 756,0",00,"1 603 754,0",00,"1 600 000,0",00,00,"3 754,0",00
12.08.2025,"1 609 327,8",00,"1 605 605,2",00,00,"3 722,6",00,"1 603 720,6",00,"1 600 000,0",00,00,"3 720,6",00
11.08.2025,"1 609 312,8",00,"1 605 605,2",00,00,"3 707,5",00,"1 603 701,8",00,"1 600 000,0",00,00,"3 701,8",00
08.08.2025,"1 618 929,4",00,"1 605 616,2",00,00,"13 313,1",00,"1 613 306,2",00,"1 600 000,0",00,00,"13 306,2",00
07.08.2025,"1 605 616,2",00,"1 605 616,2",00,00,00,00,"1 600 000,0",00,"1 600 000,0",00,00,00,00
06.08.2025,"2 184 772,2",00,"2 167 708,0",00,00,"17 064,2",00,"2 177 055,4",00,"2 160 000,0",00,00,"17 055,4",00
05.08.2025,"2 184 207,6",00,"2 167 708,0",00,00,"16 499,7",00,"2 176 491,1",00,"2 160 000,0",00,00,"16 491,1",00
04.08.2025,"2 185 175,1",00,"2 167 708,0",00,00,"17 467,1",00,"2 177 439,9",00,"2 160 000,0",00,00,"17 439,9",00
01.08.2025,"2 213 816,3",00,"2 167 708,0",00,00,"46 108,3",00,"2 206 084,3",00,"2 160 000,0",00,00,"46 084,3",00
31.07.2025,"2 197 098,5",00,"2 167 708,0",00,00,"29 390,6",00,"2 189 375,3",00,"2 160 000,0",00,00,"29 375,3",00
30.07.2025,"689 514,6",00,"688 174,5",00,00,"1 340,1",00,"686 884,2",00,"685 544,8",00,00,"1 339,4",00
29.07.2025,"785 572,2",00,"688 174,5",00,00,"97 397,7",00,"782 891,8",00,"685 544,8",00,00,"97 347,0",00
28.07.2025,"690 926,4",00,"688 174,5",00,00,"2 751,8",00,"688 291,9",00,"685 544,8",00,00,"2 747,1",00
25.07.2025,"688 174,5",00,"688 174,5",00,00,00,00,"685 544,8",00,"685 544,8",00,00,00,00
24.07.2025,"688 174,5",00,"688 174,5",00,00,00,00,"685 544,8",00,"685 544,8",00,00,00,00
23.07.2025,"709 091,9",00,"709 091,9",00,00,00,00,"706 379,9",00,"706 379,9",00,00,00,00
22.07.2025,"709 091,9",00,"709 091,9",00,00,00,00,"706 379,9",00,"706 379,9",00,00,00,00
21.07.2025,"709 091,9",00,"709 091,9",00,00,00,00,"706 379,9",00,"706 379,9",00,00,00,00
18.07.2025,"712 045,3",00,"709 091,9",00,00,"2 953,4",00,"709 331,6",00,"706 379,9",00,00,"2 951,7",00
17.07.2025,"709 091,9",00,"709 091,9",00,00,00,00,"706 379,9",00,"706 379,9",00,00,00,00
16.07.2025,"1 013 767,8",00,"1 013 767,8",00,00,00,00,"1 010 000,0",00,"1 010 000,0",00,00,00,00
15.07.2025,"1 013 767,8",00,"1 013 767,8",00,00,00,00,"1 010 000,0",00,"1 010 000,0",00,00,00,00
14.07.2025,"1 013 767,8",00,"1 013 767,8",00,00,00,00,"1 010 000,0",00,"1 010 000,0",00,00,00,00
11.07.2025,"1 013 767,8",00,"1 013 767,8",00,00,00,00,"1 010 000,0",00,"1 010 000,0",00,00,00,00
10.07.2025,"1 013 920,3",00,"1 013 920,3",00,00,00,00,"1 010 000,0",00,"1 010 000,0",00,00,00,00
09.07.2025,"1 023 953,8",00,"1 023 953,8",00,00,00,00,"1 020 000,0",00,"1 020 000,0",00,00,00,00
08.07.2025,"1 023 959,6",00,"1 023 959,6",00,00,00,00,"1 020 000,0",00,"1 020 000,0",00,00,00,00
07.07.2025,"1 023 959,6",00,"1 023 959,6",00,00,00,00,"1 020 000,0",00,"1 020 000,0",00,00,00,00
04.07.2025,"1 023 960,6",00,"1 023 959,6",00,00,10,00,"1 020 001,0",00,"1 020 000,0",00,00,10,00
03.07.2025,"1 023 959,6",00,"1 023 959,6",00,00,00,00,"1 020 000,0",00,"1 020 000,0",00,00,00,00
02.07.2025,"1 094 229,1",00,"1 094 229,1",00,00,00,00,"1 090 000,0",00,"1 090 000,0",00,00,00,00
01.07.2025,"1 094 229,1",00,"1 094 229,1",00,00,00,00,"1 090 000,0",00,"1 090 000,0",00,00,00,00
30.06.2025,"1 094 229,1",00,"1 094 229,1",00,00,00,00,"1 090 000,0",00,"1 090 000,0",00,00,00,00
27.06.2025,"1 094 229,1",00,"1 094 229,1",00,00,00,00,"1 090 000,0",00,"1 090 000,0",00,00,00,00
26.06.2025,"1 094 229,1",00,"1 094 229,1",00,00,00,00,"1 090 000,0",00,"1 090 000,0",00,00,00,00
25.06.2025,"1 023 957,3",00,"1 023 957,3",00,00,00,00,"1 020 000,0",00,"1 020 000,0",00,00,00,00
24.06.2025,"1 023 957,3",00,"1 023 957,3",00,00,00,00,"1 020 000,0",00,"1 020 000,0",00,00,00,00
23.06.2025,"1 023 957,3",00,"1 023 957,3",00,00,00,00,"1 020 000,0",00,"1 020 000,0",00,00,00,00
20.06.2025,"1 023 957,3",00,"1 023 957,3",00,00,00,00,"1 020 000,0",00,"1 020 000,0",00,00,00,00
19.06.2025,"1 023 957,3",00,"1 023 957,3",00,00,00,00,"1 020 000,0",00,"1 020 000,0",00,00,00,00
18.06.2025,"923 128,9",00,"923 128,9",00,00,00,00,"920 000,0",00,"920 000,0",00,00,00,00
17.06.2025,"923 565,7",00,"923 565,7",00,00,00,00,"920 000,0",00,"920 000,0",00,00,00,00
16.06.2025,"923 565,7",00,"923 565,7",00,00,00,00,"920 000,0",00,"920 000,0",00,00,00,00
13.06.2025,"923 565,7",00,"923 565,7",00,00,00,00,"920 000,0",00,"920 000,0",00,00,00,00
11.06.2025,"622 503,9",00,"622 503,9",00,00,00,00,"620 000,0",00,"620 000,0",00,00,00,00
10.06.2025,"622 503,9",00,"622 503,9",00,00,00,00,"620 000,0",00,"620 000,0",00,00,00,00
09.06.2025,"622 503,9",00,"622 503,9",00,00,00,00,"620 000,0",00,"620 000,0",00,00,00,00
06.06.2025,"622 503,9",00,"622 503,9",00,00,00,00,"620 000,0",00,"620 000,0",00,00,00,00
05.06.2025,"622 521,7",00,"622 521,7",00,00,00,00,"620 000,0",00,"620 000,0",00,00,00,00
04.06.2025,"200 216,5",00,"200 216,5",00,00,00,00,"200 000,0",00,"200 000,0",00,00,00,00
03.06.2025,"200 216,5",00,"200 216,5",00,00,00,00,"200 000,0",00,"200 000,0",00,00,00,00
02.06.2025,"215 375,0",00,"200 216,5",00,00,"15 158,5",00,"215 131,2",00,"200 000,0",00,00,"15 131,2",00
30.05.2025,"200 216,5",00,"200 216,5",00,00,00,00,"200 000,0",00,"200 000,0",00,00,00,00
29.05.2025,"200 816,3",00,"200 816,3",00,00,00,00,"200 000,0",00,"200 000,0",00,00,00,00
28.05.2025,"869 734,1",00,"869 734,1",00,00,00,00,"866 203,2",00,"866 203,2",00,00,00,00
27.05.2025,"869 734,1",00,"869 734,1",00,00,00,00,"866 203,2",00,"866 203,2",00,00,00,00
26.05.2025,"869 734,1",00,"869 734,1",00,00,00,00,"866 203,2",00,"866 203,2",00,00,00,00
23.05.2025,"869 734,1",00,"869 734,1",00,00,00,00,"866 203,2",00,"866 203,2",00,00,00,00
22.05.2025,"869 734,1",00,"869 734,1",00,00,00,00,"866 203,2",00,"866 203,2",00,00,00,00
21.05.2025,"1 042 182,1",00,"1 042 182,1",00,00,00,00,"1 040 000,0",00,"1 040 000,0",00,00,00,00
20.05.2025,"1 048 029,9",00,"1 042 863,8",00,00,"5 166,1",00,"1 045 163,0",00,"1 040 000,0",00,00,"5 163,0",00
19.05.2025,"1 043 291,9",00,"1 043 291,9",00,00,00,00,"1 040 000,0",00,"1 040 000,0",00,00,00,00
16.05.2025,"1 049 355,0",00,"1 044 194,8",00,00,"5 160,2",00,"1 045 157,1",00,"1 040 000,0",00,00,"5 157,1",00
15.05.2025,"1 044 218,4",00,"1 044 218,4",00,00,00,00,"1 040 000,0",00,"1 040 000,0",00,00,00,00
14.05.2025,"883 564,4",00,"883 564,4",00,00,00,00,"880 000,0",00,"880 000,0",00,00,00,00
13.05.2025,"883 569,8",00,"883 569,8",00,00,00,00,"880 000,0",00,"880 000,0",00,00,00,00
12.05.2025,"883 569,8",00,"883 569,8",00,00,00,00,"880 000,0",00,"880 000,0",00,00,00,00
08.05.2025,"883 569,8",00,"883 569,8",00,00,00,00,"880 000,0",00,"880 000,0",00,00,00,00
07.05.2025,"200 773,3",00,"200 773,3",00,00,00,00,"200 000,0",00,"200 000,0",00,00,00,00
06.05.2025,"200 773,3",00,"200 773,3",00,00,00,00,"200 000,0",00,"200 000,0",00,00,00,00
05.05.2025,"200 773,3",00,"200 773,3",00,00,00,00,"200 000,0",00,"200 000,0",00,00,00,00
02.05.2025,"200 817,3",00,"200 817,3",00,00,00,00,"200 000,0",00,"200 000,0",00,00,00,00
30.04.2025,"901 312,2",00,"901 312,2",00,00,00,00,"900 000,0",00,"900 000,0",00,00,00,00
29.04.2025,"901 343,8",00,"901 343,8",00,00,00,00,"900 000,0",00,"900 000,0",00,00,00,00
28.04.2025,"903 333,4",00,"903 333,4",00,00,00,00,"900 000,0",00,"900 000,0",00,00,00,00
25.04.2025,"903 670,9",00,"903 670,9",00,00,00,00,"900 000,0",00,"900 000,0",00,00,00,00
24.04.2025,"903 670,9",00,"903 670,9",00,00,00,00,"900 000,0",00,"900 000,0",00,00,00,00
23.04.2025,"1 777 167,5",00,"1 777 167,5",00,00,00,00,"1 770 000,0",00,"1 770 000,0",00,00,00,00
22.04.2025,"1 777 167,5",00,"1 777 167,5",00,00,00,00,"1 770 000,0",00,"1 770 000,0",00,00,00,00
21.04.2025,"1 777 181,3",00,"1 777 181,3",00,00,00,00,"1 770 000,0",00,"1 770 000,0",00,00,00,00
18.04.2025,"1 777 211,0",00,"1 777 211,0",00,00,00,00,"1 770 000,0",00,"1 770 000,0",00,00,00,00
17.04.2025,"1 777 263,1",00,"1 777 211,0",00,00,521,00,"1 770 052,0",00,"1 770 000,0",00,00,520,00
16.04.2025,"15 009,0",00,00,00,00,"15 009,0",00,"15 000,0",00,00,00,00,"15 000,0",00
15.04.2025,"22 307,0",00,00,00,00,"22 307,0",00,"22 293,5",00,00,00,00,"22 293,5",00
14.04.2025,"29 373,8",00,00,00,00,"29 373,8",00,"29 320,8",00,00,00,00,"29 320,8",00
11.04.2025,"37 247,8",00,00,00,00,"37 247,8",00,"37 225,4",00,00,00,00,"37 225,4",00
10.04.2025,"2 643,6",00,00,00,00,"2 643,6",00,"2 642,0",00,00,00,00,"2 642,0",00
09.04.2025,"818 559,5","810 951,4",00,00,00,"7 608,1",00,"817 603,5","810 000,0",00,00,00,"7 603,5",00
08.04.2025,"813 387,8","810 951,4",00,00,00,"2 436,4",00,"812 434,9","810 000,0",00,00,00,"2 434,9",00
07.04.2025,"2 238,7",00,00,00,00,"2 238,7",00,"2 234,7",00,00,00,00,"2 234,7",00
04.04.2025,"2 248,7",00,00,00,00,"2 248,7",00,"2 247,4",00,00,00,00,"2 247,4",00
03.04.2025,"2 248,3",00,00,00,00,"2 248,3",00,"2 247,0",00,00,00,00,"2 247,0",00
02.04.2025,"2 275,2",00,00,00,00,"2 275,2",00,"2 273,8",00,00,00,00,"2 273,8",00
01.04.2025,"48 559,0",00,00,00,00,"48 559,0",00,"48 529,7",00,00,00,00,"48 529,7",00
31.03.2025,"1 505 423,9","1 503 124,3",00,00,00,"2 299,6",00,"1 502 295,5","1 500 000,0",00,00,00,"2 295,5",00
28.03.2025,"1 505 808,2","1 503 491,6",00,00,00,"2 316,7",00,"1 502 315,3","1 500 000,0",00,00,00,"2 315,3",00
27.03.2025,"11 964,4",00,00,00,00,"11 964,4",00,"11 957,2",00,00,00,00,"11 957,2",00
26.03.2025,"101 237,0",00,00,"101 237,0",00,00,00,"100 000,0",00,00,"100 000,0",00,00,00
25.03.2025,"101 237,0",00,00,"101 237,0",00,00,00,"100 000,0",00,00,"100 000,0",00,00,00
24.03.2025,"101 237,0",00,00,"101 237,0",00,00,00,"100 000,0",00,00,"100 000,0",00,00,00
21.03.2025,"101 237,0",00,00,"101 237,0",00,00,00,"100 000,0",00,00,"100 000,0",00,00,00
20.03.2025,"101 237,0",00,00,"101 237,0",00,00,00,"100 000,0",00,00,"100 000,0",00,00,00
19.03.2025,"350 247,0",00,00,"350 247,0",00,00,00,"350 000,0",00,00,"350 000,0",00,00,00
18.03.2025,"350 247,0",00,00,"350 247,0",00,00,00,"350 000,0",00,00,"350 000,0",00,00,00
17.03.2025,"350 247,0",00,00,"350 247,0",00,00,00,"350 000,0",00,00,"350 000,0",00,00,00
14.03.2025,"350 247,0",00,00,"350 247,0",00,00,00,"350 000,0",00,00,"350 000,0",00,00,00
13.03.2025,"350 247,0",00,00,"350 247,0",00,00,00,"350 000,0",00,00,"350 000,0",00,00,00
12.03.2025,"451 461,5",00,00,"451 461,5",00,00,00,"450 000,0",00,00,"450 000,0",00,00,00
11.03.2025,"455 167,5",00,00,"455 147,2",00,202,00,"450 020,2",00,00,"450 000,0",00,202,00
10.03.2025,"455 196,8",00,00,"455 147,2",00,496,00,"450 049,5",00,00,"450 000,0",00,495,00
07.03.2025,"455 170,1",00,00,"455 147,2",00,229,00,"450 022,9",00,00,"450 000,0",00,229,00
06.03.2025,"455 184,2",00,00,"455 147,2",00,369,00,"450 036,9",00,00,"450 000,0",00,369,00
05.03.2025,"554 978,7",00,00,"554 851,9",00,1268,00,"550 126,7",00,00,"550 000,0",00,1267,00
04.03.2025,"555 125,2",00,00,"554 851,9",00,2733,00,"550 273,1",00,00,"550 000,0",00,2731,00
03.03.2025,"566 901,7",00,00,"555 784,4",00,"10 984,0",1334,"561 097,3",00,00,"550 000,0",00,"10 964,1",1331
28.02.2025,"555 869,3",00,00,"555 784,4",00,849,00,"550 084,9",00,00,"550 000,0",00,849,00
27.02.2025,"555 905,5",00,00,"555 784,4",00,1211,00,"550 121,0",00,00,"550 000,0",00,1210,00
26.02.2025,"858 864,3",00,00,"858 863,3",00,10,00,"850 001,0",00,00,"850 000,0",00,10,00
25.02.2025,"859 090,8",00,00,"859 090,8",00,00,00,"850 000,0",00,00,"850 000,0",00,00,00
24.02.2025,"859 090,8",00,00,"859 090,8",00,00,00,"850 000,0",00,00,"850 000,0",00,00,00
21.02.2025,"859 090,8",00,00,"859 090,8",00,00,00,"850 000,0",00,00,"850 000,0",00,00,00
20.02.2025,"859 090,8",00,00,"859 090,8",00,00,00,"850 000,0",00,00,"850 000,0",00,00,00
19.02.2025,"959 480,2",00,00,"959 480,2",00,00,00,"950 000,0",00,00,"950 000,0",00,00,00
18.02.2025,"960 234,7",00,00,"960 234,7",00,00,00,"950 000,0",00,00,"950 000,0",00,00,00
17.02.2025,"960 670,7",00,00,"960 670,7",00,00,00,"950 000,0",00,00,"950 000,0",00,00,00
14.02.2025,"960 890,0",00,00,"960 890,0",00,00,00,"950 000,0",00,00,"950 000,0",00,00,00
13.02.2025,"960 890,0",00,00,"960 890,0",00,00,00,"950 000,0",00,00,"950 000,0",00,00,00
12.02.2025,"1 063 719,8",00,00,"1 060 255,4",00,"3 464,4",00,"1 053 462,3",00,00,"1 050 000,0",00,"3 462,3",00
11.02.2025,"1 060 809,7",00,00,"1 060 809,7",00,00,00,"1 050 000,0",00,00,"1 050 000,0",00,00,00
10.02.2025,"1 060 897,7",00,00,"1 060 809,7",00,879,00,"1 050 087,8",00,00,"1 050 000,0",00,878,00
07.02.2025,"1 061 659,9",00,00,"1 061 483,4",00,1766,00,"1 050 176,5",00,00,"1 050 000,0",00,1765,00
06.02.2025,"1 061 615,5",00,00,"1 061 483,4",00,250,1071,"1 050 131,9",00,00,"1 050 000,0",00,250,1069
05.02.2025,"1 365 557,8",00,00,"1 365 125,3",00,3254,1071,"1 350 432,1",00,00,"1 350 000,0",00,3252,1069
04.02.2025,"1 366 089,4",00,00,"1 365 125,3",00,5197,4444,"1 350 963,4",00,00,"1 350 000,0",00,5194,4440
03.02.2025,"1 377 155,1",00,00,"1 365 125,3",00,"11 762,4",2674,"1 362 008,1",00,00,"1 350 000,0",00,"11 741,2",2669
31.01.2025,"1 365 589,5",00,00,"1 365 125,3",00,2799,1843,"1 350 464,0",00,00,"1 350 000,0",00,2797,1842
30.01.2025,"1 372 344,6",00,00,"1 365 125,3",00,"7 219,3",00,"1 357 215,0",00,00,"1 350 000,0",00,"7 215,0",00
29.01.2025,"1 373 884,4",00,00,"1 373 884,4",00,00,00,"1 358 980,2",00,00,"1 358 980,2",00,00,00
28.01.2025,"1 373 884,4",00,00,"1 373 884,4",00,00,00,"1 358 980,2",00,00,"1 358 980,2",00,00,00
27.01.2025,"1 373 884,4",00,00,"1 373 884,4",00,00,00,"1 358 980,2",00,00,"1 358 980,2",00,00,00
24.01.2025,"1 374 491,2",00,00,"1 374 491,2",00,00,00,"1 358 980,2",00,00,"1 358 980,2",00,00,00
23.01.2025,"1 375 780,5",00,00,"1 375 780,5",00,00,00,"1 358 980,2",00,00,"1 358 980,2",00,00,00
22.01.2025,"1 391 336,9",00,00,"1 391 336,9",00,01,00,"1 378 495,1",00,00,"1 378 495,1",00,01,00
21.01.2025,"1 392 698,3",00,00,"1 392 698,3",00,00,00,"1 378 495,1",00,00,"1 378 495,1",00,00,00
20.01.2025,"1 402 022,0",00,00,"1 394 693,4",00,"7 328,5",00,"1 385 810,4",00,00,"1 378 495,1",00,"7 315,3",00
17.01.2025,"1 402 440,2",00,00,"1 394 693,4",00,"7 746,8",00,"1 386 237,2",00,00,"1 378 495,1",00,"7 742,1",00
16.01.2025,"1 402 498,7",00,00,"1 394 693,4",00,"7 805,3",00,"1 386 295,7",00,00,"1 378 495,1",00,"7 800,6",00
15.01.2025,"1 409 331,8",00,00,"1 401 544,5",00,"7 787,3",00,"1 386 277,7",00,00,"1 378 495,1",00,"7 782,6",00
14.01.2025,"1 409 314,9",00,00,"1 401 544,5",00,"7 770,4",00,"1 386 260,8",00,00,"1 378 495,1",00,"7 765,7",00
13.01.2025,"1 409 347,3",00,00,"1 401 592,8",00,"7 754,5",00,"1 386 235,6",00,00,"1 378 495,1",00,"7 740,5",00
10.01.2025,"1 409 758,0",00,00,"1 401 843,2",00,"7 914,8",00,"1 386 405,1",00,00,"1 378 495,1",00,"7 910,1",00
09.01.2025,"1 512 193,0",00,00,"1 401 866,9",00,"110 326,1",00,"1 488 392,2",00,00,"1 378 495,1",00,"109 897,1",00
08.01.2025,"1 513 806,6",00,00,"1 403 480,5",00,"110 326,1",00,"1 488 392,2",00,00,"1 378 495,1",00,"109 897,1",00
06.01.2025,"1 513 818,3",00,00,"1 403 492,2",00,"110 326,1",00,"1 488 392,2",00,00,"1 378 495,1",00,"109 897,1",00
03.01.2025,"1 415 250,6",00,00,"1 405 301,9",00,"9 948,8",00,"1 388 372,5",00,00,"1 378 495,1",00,"9 877,4",00
30.12.2024,"1 415 250,6",00,00,"1 405 301,9",00,"9 948,8",00,"1 388 372,5",00,00,"1 378 495,1",00,"9 877,4",00
28.12.2024,"1 512 426,8",00,00,"1 405 301,9",00,"107 125,0",00,"1 485 555,7",00,00,"1 378 495,1",00,"107 060,6",00
27.12.2024,"1 412 868,0",00,00,"1 405 301,9",00,"7 566,2",00,"1 386 056,7",00,00,"1 378 495,1",00,"7 561,6",00
26.12.2024,"1 411 062,1",00,00,"1 405 373,5",00,"5 688,6",00,"1 384 180,3",00,00,"1 378 495,1",00,"5 685,2",00
25.12.2024,"1 195 405,5",00,00,"1 192 203,2",00,"3 202,3",00,"1 172 715,3",00,00,"1 169 514,9",00,"3 200,3",00
24.12.2024,"1 194 743,3",00,00,"1 192 229,7",00,"2 513,6",00,"1 172 027,0",00,00,"1 169 514,9",00,"2 512,1",00
23.12.2024,"1 195 657,8",00,00,"1 192 240,2",00,"3 417,6",00,"1 172 926,4",00,00,"1 169 514,9",00,"3 411,5",00
20.12.2024,"1 196 498,1",00,00,"1 193 067,8",00,"3 430,3",00,"1 172 943,2",00,00,"1 169 514,9",00,"3 428,2",00
19.12.2024,"1 196 625,2",00,00,"1 193 157,6",00,"3 467,6",00,"1 172 980,5",00,00,"1 169 514,9",00,"3 465,5",00
18.12.2024,"1 054 995,9",00,00,"918 519,9",00,"136 476,0",00,"1 037 404,0",00,00,"901 010,0",00,"136 394,0",00
17.12.2024,"1 166 422,6",00,00,"918 519,9",00,"247 902,7",00,"1 148 763,7",00,00,"901 010,0",00,"247 753,7",00
16.12.2024,"1 170 384,0",00,00,"918 809,8",00,"251 574,3",00,"1 152 131,5",00,00,"901 010,0",00,"251 121,5",00
13.12.2024,"1 001 991,1",00,00,"918 809,8",00,"83 181,3",00,"984 141,3",00,00,"901 010,0",00,"83 131,3",00
12.12.2024,"921 242,2",00,00,"918 809,8",00,"2 432,4",00,"903 440,9",00,00,"901 010,0",00,"2 430,9",00
11.12.2024,"54 093,2",00,00,"51 640,0",00,"2 453,2",00,"53 461,8",00,00,"51 010,0",00,"2 451,8",00
10.12.2024,"54 215,1",00,00,"51 640,0",00,"2 575,2",00,"53 583,6",00,00,"51 010,0",00,"2 573,6",00
09.12.2024,"54 115,6",00,00,"51 640,0",00,"2 475,6",00,"53 481,2",00,00,"51 010,0",00,"2 471,2",00
06.12.2024,"54 117,3",00,00,"51 640,0",00,"2 477,3",00,"53 485,8",00,00,"51 010,0",00,"2 475,8",00
05.12.2024,"54 113,8",00,00,"51 640,0",00,"2 473,9",00,"53 482,4",00,00,"51 010,0",00,"2 472,4",00
04.12.2024,"54 112,8",00,00,"51 640,0",00,"2 472,9",00,"53 481,4",00,00,"51 010,0",00,"2 471,4",00
03.12.2024,"56 354,1",00,00,"51 640,0",00,"4 714,1",00,"55 721,3",00,00,"51 010,0",00,"4 711,3",00
02.12.2024,"77 250,4",00,00,"51 640,0",00,"25 610,4",00,"76 574,3",00,00,"51 010,0",00,"25 564,3",00
29.11.2024,"60 563,5",00,00,"51 640,0",00,"8 923,6",00,"59 928,2",00,00,"51 010,0",00,"8 918,2",00
28.11.2024,"56 776,1",00,00,"51 640,0",00,"5 136,2",00,"56 143,1",00,00,"51 010,0",00,"5 133,1",00
27.11.2024,"2 552,1",00,00,00,00,"2 552,1",00,"2 550,5",00,00,00,00,"2 550,5",00
26.11.2024,"2 370,1",00,00,00,00,"2 370,1",00,"2 368,7",00,00,00,00,"2 368,7",00
25.11.2024,"2 508,7",00,00,00,00,"2 508,7",00,"2 504,2",00,00,00,00,"2 504,2",00
22.11.2024,"2 504,2",00,00,00,00,"2 504,2",00,"2 502,7",00,00,00,00,"2 502,7",00
21.11.2024,"2 510,2",00,00,00,00,"2 510,2",00,"2 508,7",00,00,00,00,"2 508,7",00
20.11.2024,"2 519,6",00,00,00,00,"2 519,6",00,"2 518,1",00,00,00,00,"2 518,1",00
19.11.2024,"2 388,6",00,00,00,00,"2 388,6",00,"2 387,1",00,00,00,00,"2 387,1",00
18.11.2024,"2 387,9",00,00,00,00,"2 387,9",00,"2 383,6",00,00,00,00,"2 383,6",00
15.11.2024,"3 648,1",00,00,00,00,"3 648,1",00,"3 645,9",00,00,00,00,"3 645,9",00
14.11.2024,"2 494,1",00,00,00,00,"2 494,1",00,"2 492,6",00,00,00,00,"2 492,6",00
13.11.2024,"502 782,1",00,00,00,00,"502 782,1",00,"502 480,1",00,00,00,00,"502 480,1",00
12.11.2024,"2 494,0",00,00,00,00,"2 494,0",00,"2 492,5",00,00,00,00,"2 492,5",00
11.11.2024,"2 497,1",00,00,00,00,"2 497,1",00,"2 492,6",00,00,00,00,"2 492,6",00
08.11.2024,"2 488,6",00,00,00,00,"2 488,6",00,"2 487,1",00,00,00,00,"2 487,1",00
07.11.2024,"2 479,5",00,00,00,00,"2 479,5",00,"2 478,0",00,00,00,00,"2 478,0",00
06.11.2024,"3 727,1",00,00,00,00,"3 727,1",00,"3 724,8",00,00,00,00,"3 724,8",00
05.11.2024,"3 748,7",00,00,00,00,"3 748,7",00,"3 742,0",00,00,00,00,"3 742,0",00
02.11.2024,"6 493,2",00,00,00,00,"6 493,2",00,"6 489,3",00,00,00,00,"6 489,3",00
01.11.2024,"9 987,3",00,00,00,00,"9 728,8",2586,"9 981,3",00,00,00,00,"9 722,9",2584
31.10.2024,"3 711,2",00,00,00,00,"3 711,2",00,"3 708,9",00,00,00,00,"3 708,9",00
30.10.2024,"3 743,5",00,00,00,00,"3 743,5",00,"3 741,3",00,00,00,00,"3 741,3",00
29.10.2024,"2 635,7",00,00,00,00,"2 635,7",00,"2 634,1",00,00,00,00,"2 634,1",00
28.10.2024,"2 599 438,4",00,00,00,00,"2 599 438,4",00,"2 595 184,0",00,00,00,00,"2 595 184,0",00
25.10.2024,"698 087,8",00,00,00,00,"698 087,8",00,"697 706,6",00,00,00,00,"697 706,6",00
24.10.2024,"528 360,9",00,00,00,00,"528 360,9",00,"528 072,3",00,00,00,00,"528 072,3",00
23.10.2024,"408 017,0",00,00,00,00,"408 017,0",00,"407 794,1",00,00,00,00,"407 794,1",00
22.10.2024,"407 947,2",00,00,00,00,"407 947,2",00,"407 724,4",00,00,00,00,"407 724,4",00
21.10.2024,"408 426,4",00,00,00,00,"408 426,4",00,"407 758,0",00,00,00,00,"407 758,0",00
18.10.2024,"1 594,6",00,00,00,00,"1 594,6",00,"1 593,7",00,00,00,00,"1 593,7",00
17.10.2024,—,00,00,00,00,00,00,—,00,00,00,00,00,00
16.10.2024,"1 717,2",00,00,00,00,"1 717,2",00,"1 716,3",00,00,00,00,"1 716,3",00
15.10.2024,—,00,00,00,00,00,00,—,00,00,00,00,00,00
14.10.2024,"2 663,6",00,00,00,00,"2 663,6",00,"2 659,3",00,00,00,00,"2 659,3",00
11.10.2024,"152 749,9",00,00,00,00,"152 749,9",00,"152 666,5",00,00,00,00,"152 666,5",00
10.10.2024,"152 761,5",00,00,00,00,"152 761,5",00,"152 678,1",00,00,00,00,"152 678,1",00
09.10.2024,"72 859,0",00,00,00,00,"72 859,0",00,"72 819,2",00,00,00,00,"72 819,2",00
08.10.2024,"2 752,9",00,00,00,00,"2 752,9",00,"2 751,4",00,00,00,00,"2 751,4",00
07.10.2024,"2 709,9",00,00,00,00,"2 709,9",00,"2 705,5",00,00,00,00,"2 705,5",00
04.10.2024,"102 746,0",00,00,00,00,"102 746,0",00,"102 689,9",00,00,00,00,"102 689,9",00
03.10.2024,"4 757,9",00,00,00,00,"4 757,9",00,"4 755,3",00,00,00,00,"4 755,3",00
02.10.2024,"4 744,5",00,00,00,00,"4 744,5",00,"4 742,0",00,00,00,00,"4 742,0",00
01.10.2024,"392 261,6",00,00,00,00,"392 261,6",00,"392 047,4",00,00,00,00,"392 047,4",00
30.09.2024,"2 878,0",00,00,00,00,"2 878,0",00,"2 873,2",00,00,00,00,"2 873,2",00
27.09.2024,"2 681,5",00,00,00,00,"2 681,5",00,"2 680,0",00,00,00,00,"2 680,0",00
26.09.2024,"2 674,7",00,00,00,00,"2 674,7",00,"2 673,2",00,00,00,00,"2 673,2",00
25.09.2024,"2 690,7",00,00,00,00,"2 690,7",00,"2 689,2",00,00,00,00,"2 689,2",00
24.09.2024,"2 683,2",00,00,00,00,"2 683,2",00,"2 681,7",00,00,00,00,"2 681,7",00
23.09.2024,"103 014,3",00,00,00,00,"103 014,3",00,"102 845,7",00,00,00,00,"102 845,7",00
20.09.2024,"102 906,1",00,00,00,00,"102 906,1",00,"102 849,9",00,00,00,00,"102 849,9",00
19.09.2024,"103 402,3",00,00,00,00,"103 402,3",00,"103 345,8",00,00,00,00,"103 345,8",00
18.09.2024,"4 348,0",00,00,00,00,"4 348,0",00,"4 345,6",00,00,00,00,"4 345,6",00
17.09.2024,"2 845,0",00,00,00,00,"2 845,0",00,"2 843,4",00,00,00,00,"2 843,4",00
16.09.2024,"32 887,3",00,00,00,00,"32 887,3",00,"32 836,1",00,00,00,00,"32 836,1",00
13.09.2024,"2 845,3",00,00,00,00,"2 845,3",00,"2 843,8",00,00,00,00,"2 843,8",00
12.09.2024,"2 846,2",00,00,00,00,"2 846,2",00,"2 844,7",00,00,00,00,"2 844,7",00
11.09.2024,"2 837,9",00,00,00,00,"2 837,9",00,"2 836,5",00,00,00,00,"2 836,5",00
10.09.2024,"2 834,9",00,00,00,00,"2 834,9",00,"2 833,4",00,00,00,00,"2 833,4",00
09.09.2024,"2 835,9",00,00,00,00,"2 835,9",00,"2 831,5",00,00,00,00,"2 831,5",00
06.09.2024,"2 834,6",00,00,00,00,"2 834,6",00,"2 833,1",00,00,00,00,"2 833,1",00
05.09.2024,"2 840,4",00,00,00,00,"2 840,4",00,"2 838,9",00,00,00,00,"2 838,9",00
04.09.2024,"6 143,8",00,00,00,00,"6 143,8",00,"6 140,6",00,00,00,00,"6 140,6",00
03.09.2024,"6 157,9",00,00,00,00,"6 157,9",00,"6 154,7",00,00,00,00,"6 154,7",00
02.09.2024,"601 918,6",00,00,00,00,"601 918,6",00,"600 982,6",00,00,00,00,"600 982,6",00
30.08.2024,"14 766,8",00,00,00,00,"10 131,9","4 634,8","14 759,0",00,00,00,00,"10 126,7","4 632,3"
29.08.2024,"14 837,2",00,00,00,00,"11 147,4","3 689,7","14 829,4",00,00,00,00,"11 141,6","3 687,7"
28.08.2024,"6 189,1",00,00,00,00,"6 189,1",00,"6 185,9",00,00,00,00,"6 185,9",00
27.08.2024,"466 946,1",00,00,00,00,"466 946,1",00,"466 703,8",00,00,00,00,"466 703,8",00
26.08.2024,"467 411,5",00,00,00,00,"467 411,5",00,"466 684,7",00,00,00,00,"466 684,7",00
23.08.2024,"466 998,8",00,00,00,00,"466 998,8",00,"466 756,5",00,00,00,00,"466 756,5",00
22.08.2024,"466 915,2",00,00,00,00,"466 915,2",00,"466 673,0",00,00,00,00,"466 673,0",00
21.08.2024,"467 000,3",00,00,00,00,"467 000,3",00,"466 758,0",00,00,00,00,"466 758,0",00
20.08.2024,"467 023,7",00,00,00,00,"467 023,7",00,"466 781,3",00,00,00,00,"466 781,3",00
19.08.2024,"467 578,7",00,00,00,00,"467 578,7",00,"466 851,7",00,00,00,00,"466 851,7",00
16.08.2024,"467 163,0",00,00,00,00,"467 163,0",00,"466 920,6",00,00,00,00,"466 920,6",00
15.08.2024,"466 661,9",00,00,00,00,"466 661,9",00,"466 419,8",00,00,00,00,"466 419,8",00
14.08.2024,"900 467,2",00,00,00,00,"900 467,2",00,"900 000,0",00,00,00,00,"900 000,0",00
13.08.2024,"1 080 560,7",00,00,00,00,"1 080 560,7",00,"1 080 000,0",00,00,00,00,"1 080 000,0",00
12.08.2024,"450 700,8",00,00,00,00,"450 700,8",00,"450 000,0",00,00,00,00,"450 000,0",00
09.08.2024,"456 816,8",00,00,00,00,"456 816,8",00,"456 579,7",00,00,00,00,"456 579,7",00
08.08.2024,"456 812,7",00,00,00,00,"456 812,7",00,"456 575,7",00,00,00,00,"456 575,7",00
07.08.2024,"456 830,1",00,00,00,00,"456 830,1",00,"456 593,1",00,00,00,00,"456 593,1",00
06.08.2024,"456 821,7",00,00,00,00,"456 821,7",00,"456 584,7",00,00,00,00,"456 584,7",00
05.08.2024,"450 700,8",00,00,00,00,"450 700,8",00,"450 000,0",00,00,00,00,"450 000,0",00
02.08.2024,"450 233,6",00,00,00,00,"450 233,6",00,"450 000,0",00,00,00,00,"450 000,0",00
01.08.2024,"485 968,9",00,00,00,00,"485 968,9",00,"485 716,8",00,00,00,00,"485 716,8",00
31.07.2024,"470 410,9",00,00,00,00,"470 410,9",00,"470 166,9",00,00,00,00,"470 166,9",00
30.07.2024,"470 480,7",00,00,00,00,"470 480,7",00,"470 236,6",00,00,00,00,"470 236,6",00
29.07.2024,"455 634,0",00,00,00,00,"455 634,0",00,"455 000,0",00,00,00,00,"455 000,0",00
26.07.2024,"470 419,6",00,00,00,00,"470 419,6",00,"470 201,2",00,00,00,00,"470 201,2",00
25.07.2024,"221 238,6",00,00,00,00,"221 238,6",00,"221 135,9",00,00,00,00,"221 135,9",00
24.07.2024,"21 072,3",00,00,00,00,"21 072,3",00,"21 062,5",00,00,00,00,"21 062,5",00
23.07.2024,"171 146,3",00,00,00,00,"171 146,3",00,"171 066,8",00,00,00,00,"171 066,8",00
22.07.2024,"1 001,4",00,00,00,00,"1 001,4",00,"1 000,0",00,00,00,00,"1 000,0",00
19.07.2024,6088,00,00,00,00,6088,00,6085,00,00,00,00,6085,00
18.07.2024,"21 684,2",00,00,00,00,"21 684,2",00,"21 674,1",00,00,00,00,"21 674,1",00
17.07.2024,"137 197,7",00,00,00,"113 589,9","23 607,7",00,"123 596,8",00,00,00,"100 000,0","23 596,8",00
16.07.2024,"137 193,0",00,00,00,"113 604,4","23 588,7",00,"123 577,7",00,00,00,"100 000,0","23 577,7",00
15.07.2024,"137 269,4",00,00,00,"113 604,4","23 665,0",00,"123 632,1",00,00,00,"100 000,0","23 632,1",00
12.07.2024,"137 266,0",00,00,00,"113 604,4","23 661,7",00,"123 650,7",00,00,00,"100 000,0","23 650,7",00
11.07.2024,"137 217,9",00,00,00,"113 614,7","23 603,2",00,"123 592,3",00,00,00,"100 000,0","23 592,3",00
10.07.2024,"137 447,0",00,00,00,"113 614,7","23 832,3",00,"123 821,2",00,00,00,"100 000,0","23 821,2",00
09.07.2024,"137 412,2",00,00,00,"113 614,7","23 797,5",00,"123 786,5",00,00,00,"100 000,0","23 786,5",00
08.07.2024,"137 515,9",00,00,00,"113 635,0","23 881,0",00,"123 847,7",00,00,00,"100 000,0","23 847,7",00
05.07.2024,"137 480,9",00,00,00,"113 635,0","23 846,0",00,"123 834,9",00,00,00,"100 000,0","23 834,9",00
04.07.2024,"137 484,6",00,00,00,"113 635,0","23 849,6",00,"123 838,5",00,00,00,"100 000,0","23 838,5",00
03.07.2024,"137 477,7",00,00,00,"113 635,0","23 842,7",00,"123 831,6",00,00,00,"100 000,0","23 831,6",00
02.07.2024,"137 509,6",00,00,00,"113 635,0","23 874,6",00,"123 863,5",00,00,00,"100 000,0","23 863,5",00
01.07.2024,"143 650,4",00,00,00,"113 635,0","30 015,4",00,"129 973,7",00,00,00,"100 000,0","29 973,7",00
28.06.2024,"132 147,1",00,00,00,"113 650,5","18 496,6",00,"118 488,0",00,00,00,"100 000,0","18 488,0",00
27.06.2024,"132 112,5",00,00,00,"113 650,5","18 462,0",00,"118 453,4",00,00,00,"100 000,0","18 453,4",00
26.06.2024,"132 114,1",00,00,00,"113 650,5","18 462,9",07,"118 455,1",00,00,00,"100 000,0","18 454,4",07
25.06.2024,"132 124,7",00,00,00,"113 650,5","18 474,3",00,"118 465,7",00,00,00,"100 000,0","18 465,7",00
24.06.2024,"132 089,9",00,00,00,"113 650,5","18 439,4",00,"118 413,7",00,00,00,"100 000,0","18 413,7",00
21.06.2024,"132 155,3",00,00,00,"113 661,1","18 494,1",00,"118 485,5",00,00,00,"100 000,0","18 485,5",00
20.06.2024,"132 314,4",00,00,00,"113 670,8","18 643,6",00,"118 634,9",00,00,00,"100 000,0","18 634,9",00
19.06.2024,"244 839,8",00,00,00,"226 172,9","18 666,9",00,"218 658,3",00,00,00,"200 000,0","18 658,3",00
18.06.2024,"244 917,8",00,00,00,"226 243,4","18 674,4",00,"218 665,8",00,00,00,"200 000,0","18 665,8",00
17.06.2024,"244 925,6",00,00,00,"226 243,4","18 682,3",00,"218 656,3",00,00,00,"200 000,0","18 656,3",00
14.06.2024,"244 940,3",00,00,00,"226 264,0","18 676,3",00,"218 667,7",00,00,00,"200 000,0","18 667,7",00
13.06.2024,"244 949,0",00,00,00,"226 264,0","18 685,0",00,"218 667,7",00,00,00,"200 000,0","18 667,7",00
11.06.2024,"245 004,5",00,00,00,"226 280,1","18 724,4",00,"218 715,7",00,00,00,"200 000,0","18 715,7",00
10.06.2024,"246 710,5",00,00,00,"226 288,2","20 422,3",00,"220 393,9",00,00,00,"200 000,0","20 393,9",00
07.06.2024,"2 047 534,5",00,00,00,"226 288,2","1 821 246,3",00,"2 020 400,8",00,00,00,"200 000,0","1 820 400,8",00
06.06.2024,"1 947 566,8",00,00,00,"226 288,2","1 721 278,6",00,"1 920 479,5",00,00,00,"200 000,0","1 720 479,5",00
05.06.2024,"246 711,1",00,00,00,"226 288,2","20 422,9",00,"220 413,5",00,00,00,"200 000,0","20 413,5",00
04.06.2024,"246 790,9",00,00,00,"226 299,4","20 491,5",00,"220 482,0",00,00,00,"200 000,0","20 482,0",00
03.06.2024,"274 239,5",00,00,00,"226 315,7","47 923,8",00,"247 857,1",00,00,00,"200 000,0","47 857,1",00
31.05.2024,"228 670,9",00,00,00,"226 336,9","2 334,0",00,"202 332,9",00,00,00,"200 000,0","2 332,9",00
30.05.2024,"228 467,9",00,00,00,"226 349,3","2 118,6",00,"202 117,6",00,00,00,"200 000,0","2 117,6",00
29.05.2024,"228 508,1",00,00,00,"226 376,1","2 132,1",00,"202 131,1",00,00,00,"200 000,0","2 131,1",00
28.05.2024,"228 558,0",00,00,00,"226 424,7","2 133,3",00,"202 132,3",00,00,00,"200 000,0","2 132,3",00
27.05.2024,"228 581,8",00,00,00,"226 441,7","2 140,1",00,"202 137,1",00,00,00,"200 000,0","2 137,1",00
24.05.2024,"228 603,3",00,00,00,"226 465,5","2 137,7",00,"202 136,7",00,00,00,"200 000,0","2 136,7",00
23.05.2024,"228 663,5",00,00,00,"226 524,8","2 138,8",00,"202 137,8",00,00,00,"200 000,0","2 137,8",00
22.05.2024,"228 671,3",00,00,00,"226 534,7","2 136,6",00,"202 135,6",00,00,00,"200 000,0","2 135,6",00
21.05.2024,"228 689,4",00,00,00,"226 545,0","2 144,4",00,"202 143,4",00,00,00,"200 000,0","2 143,4",00
20.05.2024,"228 684,9",00,00,00,"226 545,0","2 140,0",00,"202 137,0",00,00,00,"200 000,0","2 137,0",00
17.05.2024,"228 682,9",00,00,00,"226 545,0","2 137,9",00,"202 137,0",00,00,00,"200 000,0","2 137,0",00
16.05.2024,"228 682,4",00,00,00,"226 545,0","2 137,4",00,"202 136,4",00,00,00,"200 000,0","2 136,4",00
15.05.2024,"342 049,5",00,00,00,"339 910,8","2 138,8",00,"302 137,8",00,00,00,"300 000,0","2 137,8",00
14.05.2024,"342 067,3",00,00,00,"339 928,7","2 138,6",00,"302 137,6",00,00,00,"300 000,0","2 137,6",00
13.05.2024,"342 066,9",00,00,00,"339 928,7","2 138,2",00,"302 133,2",00,00,00,"300 000,0","2 133,2",00
10.05.2024,"342 066,9",00,00,00,"339 928,7","2 138,2",00,"302 133,2",00,00,00,"300 000,0","2 133,2",00
08.05.2024,"342 071,9",00,00,00,"339 937,7","2 134,1",00,"302 133,1",00,00,00,"300 000,0","2 133,1",00
07.05.2024,"342 104,0",00,00,00,"339 967,5","2 136,5",00,"302 135,6",00,00,00,"300 000,0","2 135,6",00
06.05.2024,"355 537,8",00,00,00,"339 988,5","15 549,3",00,"315 527,7",00,00,00,"300 000,0","15 527,7",00
03.05.2024,"355 515,6",00,00,00,"339 988,5","15 527,1",00,"315 519,9",00,00,00,"300 000,0","15 519,9",00
02.05.2024,"395 831,7",00,00,00,"339 988,5","55 843,2",00,"355 713,8",00,00,00,"300 000,0","55 713,8",00
30.04.2024,"395 831,7",00,00,00,"339 988,5","55 843,2",00,"355 713,8",00,00,00,"300 000,0","55 713,8",00
29.04.2024,"395 875,9",00,00,00,"340 032,7","55 843,2",00,"355 713,8",00,00,00,"300 000,0","55 713,8",00
27.04.2024,"355 638,3",00,00,00,"340 032,7","15 605,6",00,"315 598,3",00,00,00,"300 000,0","15 598,3",00
26.04.2024,"356 454,7",00,00,00,"340 032,7","16 422,0",00,"316 414,4",00,00,00,"300 000,0","16 414,4",00
25.04.2024,"356 456,3",00,00,00,"340 042,9","16 413,4",00,"316 405,8",00,00,00,"300 000,0","16 405,8",00
24.04.2024,"356 449,7",00,00,00,"340 042,9","16 406,7",00,"316 399,1",00,00,00,"300 000,0","16 399,1",00
23.04.2024,"356 444,2",00,00,00,"340 042,9","16 401,3",00,"316 393,7",00,00,00,"300 000,0","16 393,7",00
22.04.2024,"356 439,5",00,00,00,"340 042,9","16 396,6",00,"316 373,8",00,00,00,"300 000,0","16 373,8",00
19.04.2024,"356 411,2",00,00,00,"340 042,9","16 368,3",00,"316 360,7",00,00,00,"300 000,0","16 360,7",00
18.04.2024,"356 411,0",00,00,00,"340 042,9","16 368,0",00,"316 360,4",00,00,00,"300 000,0","16 360,4",00
17.04.2024,"467 504,2",00,00,00,"451 144,9","16 359,3",00,"416 351,7",00,00,00,"400 000,0","16 351,7",00
16.04.2024,"467 495,5",00,00,00,"451 144,9","16 350,6",00,"416 343,0",00,00,00,"400 000,0","16 343,0",00
15.04.2024,"467 477,9",00,00,00,"451 144,9","16 333,0",00,"416 310,2",00,00,00,"400 000,0","16 310,2",00
12.04.2024,"467 504,9",00,00,00,"451 174,7","16 330,2",00,"416 322,6",00,00,00,"400 000,0","16 322,6",00
11.04.2024,"467 526,0",00,00,00,"451 174,7","16 351,3",00,"416 343,8",00,00,00,"400 000,0","16 343,8",00
10.04.2024,"467 522,0",00,00,00,"451 174,7","16 347,3",00,"416 339,7",00,00,00,"400 000,0","16 339,7",00
09.04.2024,"467 551,5",00,00,00,"451 184,7","16 366,8",00,"416 359,2",00,00,00,"400 000,0","16 359,2",00
08.04.2024,"468 078,9",00,00,00,"451 234,7","16 844,3",00,"416 820,8",00,00,00,"400 000,0","16 820,8",00
05.04.2024,"468 057,5",00,00,00,"451 234,7","16 822,8",00,"416 815,0",00,00,00,"400 000,0","16 815,0",00
04.04.2024,"468 560,4",00,00,00,"451 234,7","17 325,7",00,"417 317,7",00,00,00,"400 000,0","17 317,7",00
03.04.2024,"468 573,2",00,00,00,"451 272,9","17 300,3",00,"417 292,3",00,00,00,"400 000,0","17 292,3",00
02.04.2024,"468 635,7",00,00,00,"451 306,4","17 329,3",00,"417 321,2",00,00,00,"400 000,0","17 321,2",00
01.04.2024,"508 086,8",00,00,00,"451 306,4","56 780,4",00,"456 701,4",00,00,00,"400 000,0","56 701,4",00
29.03.2024,"468 602,8",00,00,00,"451 306,4","17 296,4",00,"417 288,4",00,00,00,"400 000,0","17 288,4",00
28.03.2024,"468 589,3",00,00,00,"451 306,4","17 282,9",00,"417 274,9",00,00,00,"400 000,0","17 274,9",00
27.03.2024,"468 560,8",00,00,00,"451 306,4","17 254,4",00,"417 246,4",00,00,00,"400 000,0","17 246,4",00
26.03.2024,"468 568,3",00,00,00,"451 306,4","17 262,0",00,"417 253,9",00,00,00,"400 000,0","17 253,9",00
25.03.2024,"468 337,7",00,00,00,"451 306,4","17 031,3",00,"417 007,6",00,00,00,"400 000,0","17 007,6",00
22.03.2024,"468 798,0",00,00,00,"451 344,7","17 453,3",00,"417 445,2",00,00,00,"400 000,0","17 445,2",00
21.03.2024,"468 931,9",00,00,00,"451 383,7","17 548,2",00,"417 540,1",00,00,00,"400 000,0","17 540,1",00
20.03.2024,"578 540,6",00,00,00,"560 997,5","17 543,1",00,"517 535,0",00,00,00,"500 000,0","17 535,0",00
19.03.2024,"578 591,9",00,00,00,"561 074,1","17 517,8",00,"517 509,7",00,00,00,"500 000,0","17 509,7",00
18.03.2024,"578 706,3",00,00,00,"561 216,2","17 490,1",00,"517 465,7",00,00,00,"500 000,0","17 465,7",00
15.03.2024,"578 688,0",00,00,00,"561 228,2","17 459,8",00,"517 451,7",00,00,00,"500 000,0","17 451,7",00
14.03.2024,"578 734,2",00,00,00,"561 280,5","17 453,7",00,"517 445,6",00,00,00,"500 000,0","17 445,6",00
13.03.2024,"578 751,8",00,00,00,"561 280,5","17 471,3",00,"517 463,2",00,00,00,"500 000,0","17 463,2",00
12.03.2024,"578 750,2",00,00,00,"561 280,5","17 469,7",00,"517 461,6",00,00,00,"500 000,0","17 461,6",00
11.03.2024,"578 773,1",00,00,00,"561 301,7","17 471,5",00,"517 439,1",00,00,00,"500 000,0","17 439,1",00
07.03.2024,"578 839,0",00,00,00,"561 399,4","17 439,6",00,"517 431,5",00,00,00,"500 000,0","17 431,5",00
06.03.2024,"579 031,1",00,00,00,"561 599,8","17 431,3",00,"517 423,2",00,00,00,"500 000,0","17 423,2",00
05.03.2024,"579 019,3",00,00,00,"561 610,6","17 408,7",00,"517 400,6",00,00,00,"500 000,0","17 400,6",00
04.03.2024,"579 022,7",00,00,00,"561 610,6","17 412,1",00,"517 387,8",00,00,00,"500 000,0","17 387,8",00
01.03.2024,"579 271,7",00,00,00,"561 610,6","17 661,1",00,"517 652,9",00,00,00,"500 000,0","17 652,9",00
29.02.2024,"579 326,2",00,00,00,"561 666,7","17 659,5",00,"517 651,3",00,00,00,"500 000,0","17 651,3",00
28.02.2024,"579 376,5",00,00,00,"561 666,7","17 709,9",00,"517 701,7",00,00,00,"500 000,0","17 701,7",00
27.02.2024,"579 375,7",00,00,00,"561 666,7","17 709,0",00,"517 700,8",00,00,00,"500 000,0","17 700,8",00
26.02.2024,"579 612,4",00,00,00,"561 666,7","17 945,8",00,"517 912,5",00,00,00,"500 000,0","17 912,5",00
22.02.2024,"579 657,8",00,00,00,"561 676,3","17 981,5",00,"517 973,1",00,00,00,"500 000,0","17 973,1",00
21.02.2024,"579 708,9",00,00,00,"561 737,7","17 971,1",00,"517 962,8",00,00,00,"500 000,0","17 962,8",00
20.02.2024,"579 715,6",00,00,00,"561 749,0","17 966,7",00,"517 958,3",00,00,00,"500 000,0","17 958,3",00
19.02.2024,"579 780,8",00,00,00,"561 802,9","17 977,9",00,"517 952,9",00,00,00,"500 000,0","17 952,9",00
16.02.2024,"579 776,5",00,00,00,"561 824,2","17 952,3",00,"517 944,0",00,00,00,"500 000,0","17 944,0",00
15.02.2024,"579 771,2",00,00,00,"561 824,2","17 947,0",00,"517 938,6",00,00,00,"500 000,0","17 938,6",00
14.02.2024,"689 351,2",00,00,00,"671 414,1","17 937,0",00,"617 928,7",00,00,00,"600 000,0","17 928,7",00
13.02.2024,"689 342,2",00,00,00,"671 414,1","17 928,1",00,"617 919,8",00,00,00,"600 000,0","17 919,8",00
12.02.2024,"689 337,8",00,00,00,"671 414,1","17 923,7",00,"617 898,7",00,00,00,"600 000,0","17 898,7",00
09.02.2024,"689 431,7",00,00,00,"671 528,0","17 903,8",00,"617 895,5",00,00,00,"600 000,0","17 895,5",00
08.02.2024,"689 429,9",00,00,00,"671 528,0","17 901,9",00,"617 893,6",00,00,00,"600 000,0","17 893,6",00
07.02.2024,"689 501,6",00,00,00,"671 599,8","17 901,8",00,"617 893,5",00,00,00,"600 000,0","17 893,5",00
06.02.2024,"689 597,1",00,00,00,"671 608,3","17 988,8",00,"617 980,5",00,00,00,"600 000,0","17 980,5",00
05.02.2024,"676 152,6",00,00,00,"671 662,2","4 490,3",00,"604 484,1",00,00,00,"600 000,0","4 484,1",00
02.02.2024,"676 148,6",00,00,00,"671 662,2","4 486,4",00,"604 484,3",00,00,00,"600 000,0","4 484,3",00
01.02.2024,"676 168,1",00,00,00,"671 662,2","4 505,9",00,"604 503,8",00,00,00,"600 000,0","4 503,8",00
31.01.2024,"676 568,3",00,00,00,"672 061,9","4 506,4",00,"604 504,3",00,00,00,"600 000,0","4 504,3",00
30.01.2024,"676 686,6",00,00,00,"672 061,9","4 624,7",00,"604 622,6",00,00,00,"600 000,0","4 622,6",00
29.01.2024,"676 685,8",00,00,00,"672 061,9","4 623,9",00,"604 617,5",00,00,00,"600 000,0","4 617,5",00
26.01.2024,"676 682,7",00,00,00,"672 061,9","4 620,8",00,"604 618,7",00,00,00,"600 000,0","4 618,7",00
25.01.2024,"677 015,2",00,00,00,"672 061,9","4 953,3",00,"604 951,0",00,00,00,"600 000,0","4 951,0",00
24.01.2024,"677 021,3",00,00,00,"672 061,9","4 959,4",00,"604 957,1",00,00,00,"600 000,0","4 957,1",00
23.01.2024,"678 004,0",00,00,00,"672 061,9","5 942,1",00,"605 939,3",00,00,00,"600 000,0","5 939,3",00
22.01.2024,"678 045,3",00,00,00,"672 061,9","5 983,4",00,"605 975,1",00,00,00,"600 000,0","5 975,1",00
19.01.2024,"678 615,5",00,00,00,"672 061,9","6 553,6",00,"606 550,5",00,00,00,"600 000,0","6 550,5",00
18.01.2024,"678 610,7",00,00,00,"672 061,9","6 548,9",00,"606 545,8",00,00,00,"600 000,0","6 545,8",00
17.01.2024,"890 894,6",00,00,"101 533,0","782 809,1","6 552,5",00,"806 549,5",00,00,"100 000,0","700 000,0","6 549,5",00
16.01.2024,"892 899,8",00,00,"101 533,0","782 809,1","8 557,8",00,"808 553,8",00,00,"100 000,0","700 000,0","8 553,8",00
15.01.2024,"892 904,0",00,00,"101 533,0","782 809,1","8 561,9",00,"808 550,0",00,00,"100 000,0","700 000,0","8 550,0",00
12.01.2024,"893 022,3",00,00,"101 533,0","782 931,4","8 557,8",00,"808 553,9",00,00,"100 000,0","700 000,0","8 553,9",00
11.01.2024,"894 969,2",00,00,"101 533,0","782 931,4","10 504,8",00,"810 499,9",00,00,"100 000,0","700 000,0","10 499,9",00
10.01.2024,"897 058,0",00,00,"101 533,0","783 032,1","12 491,9",10,"812 487,1",00,00,"100 000,0","700 000,0","12 486,1",10
09.01.2024,"895 790,9",00,00,"101 533,0","783 032,1","11 225,8",00,"811 168,7",00,00,"100 000,0","700 000,0","11 168,7",00
08.01.2024,"895 790,9",00,00,"101 533,0","783 032,1","11 225,8",00,"811 168,7",00,00,"100 000,0","700 000,0","11 168,7",00
05.01.2024,"895 790,9",00,00,"101 533,0","783 032,1","11 225,8",00,"811 168,7",00,00,"100 000,0","700 000,0","11 168,7",00
04.01.2024,"895 790,9",00,00,"101 533,0","783 032,1","11 225,8",00,"811 168,7",00,00,"100 000,0","700 000,0","11 168,7",00
03.01.2024,"895 790,9",00,00,"101 533,0","783 032,1","11 225,8",00,"811 168,7",00,00,"100 000,0","700 000,0","11 168,7",00
29.12.2023,"893 943,8",00,00,"101 533,0","783 032,1","9 378,8",00,"809 374,4",00,00,"100 000,0","700 000,0","9 374,4",00
28.12.2023,"893 804,9",00,00,"101 533,0","783 065,4","9 206,5",00,"809 202,2",00,00,"100 000,0","700 000,0","9 202,2",00
27.12.2023,"893 228,3",00,00,"101 533,0","783 065,4","8 629,9",00,"808 625,9",00,00,"100 000,0","700 000,0","8 625,9",00
26.12.2023,"893 231,3",00,00,"101 533,0","783 065,4","8 632,8",00,"808 628,8",00,00,"100 000,0","700 000,0","8 628,8",00
25.12.2023,"896 328,2",00,00,"101 533,0","783 065,4","11 729,7",00,"811 713,4",00,00,"100 000,0","700 000,0","11 713,4",00
22.12.2023,"894 559,1",00,00,"101 533,0","783 065,4","9 960,7",00,"809 956,1",00,00,"100 000,0","700 000,0","9 956,1",00
21.12.2023,"896 057,8",00,00,"101 533,0","783 065,4","11 459,3",00,"811 454,0",00,00,"100 000,0","700 000,0","11 454,0",00
20.12.2023,"898 864,6",00,00,"101 533,0","783 065,4","14 266,2",00,"814 259,5",00,00,"100 000,0","700 000,0","14 259,5",00
19.12.2023,"900 437,1",00,00,"101 533,0","783 065,4","15 838,7",00,"815 831,3",00,00,"100 000,0","700 000,0","15 831,3",00
18.12.2023,"957 917,4",00,00,"101 450,9","780 766,6","75 699,9",00,"875 600,4",00,00,"100 000,0","700 000,0","75 600,4",00
15.12.2023,"997 869,7",00,00,"101 450,9","780 766,6","115 652,1",00,"915 601,4",00,00,"100 000,0","700 000,0","115 601,4",00
14.12.2023,"1 037 884,7",00,00,"101 450,9","780 766,6","155 667,1",00,"955 598,9",00,00,"100 000,0","700 000,0","155 598,9",00
13.12.2023,"1 000 434,6",00,00,"101 163,1","890 666,4","8 605,2",00,"908 601,4",00,00,"100 000,0","800 000,0","8 601,4",00
12.12.2023,"1 000 674,9",00,00,"101 163,1","890 767,2","8 744,7",00,"908 740,8",00,00,"100 000,0","800 000,0","8 740,8",00
11.12.2023,"991 930,3",00,00,"101 163,1","890 767,2",00,00,"900 000,0",00,00,"100 000,0","800 000,0",00,00
08.12.2023,"1 000 537,9",00,00,"101 163,1","890 777,5","8 597,3",00,"908 593,5",00,00,"100 000,0","800 000,0","8 593,5",00
07.12.2023,"1 000 544,6",00,00,"101 163,1","890 777,5","8 604,0",00,"908 600,3",00,00,"100 000,0","800 000,0","8 600,2",00
06.12.2023,"1 000 801,0",00,00,"101 163,1","890 884,9","8 753,1",00,"908 749,2",00,00,"100 000,0","800 000,0","8 749,2",00
05.12.2023,"992 326,6",00,00,"101 163,1","891 063,5",1000,00,"900 100,0",00,00,"100 000,0","800 000,0",1000,00
04.12.2023,"992 298,1",00,00,"101 163,1","891 135,1",00,00,"900 000,0",00,00,"100 000,0","800 000,0",00,00
01.12.2023,"992 579,6",00,00,"101 163,1","891 135,1",2815,00,"900 281,3",00,00,"100 000,0","800 000,0",2813,00
30.11.2023,"992 299,1",00,00,"101 163,1","891 135,1",10,00,"900 001,0",00,00,"100 000,0","800 000,0",10,00
29.11.2023,"992 321,1",00,00,"101 163,1","891 158,0",00,00,"900 000,0",00,00,"100 000,0","800 000,0",00,00
28.11.2023,"992 321,1",00,00,"101 163,1","891 158,0",00,00,"900 000,0",00,00,"100 000,0","800 000,0",00,00
27.11.2023,"992 321,1",00,00,"101 163,1","891 158,0",00,00,"900 000,0",00,00,"100 000,0","800 000,0",00,00
24.11.2023,"992 326,1",00,00,"101 163,1","891 158,0",50,00,"900 005,0",00,00,"100 000,0","800 000,0",50,00
23.11.2023,"992 399,5",00,00,"101 163,1","891 226,4",100,00,"900 010,0",00,00,"100 000,0","800 000,0",100,00
22.11.2023,"992 389,5",00,00,"101 163,1","891 226,4",00,00,"900 000,0",00,00,"100 000,0","800 000,0",00,00
21.11.2023,"992 390,5",00,00,"101 163,1","891 226,4",00,10,"900 001,0",00,00,"100 000,0","800 000,0",00,10
20.11.2023,"992 390,5",00,00,"101 163,1","891 226,4",00,10,"900 001,0",00,00,"100 000,0","800 000,0",00,10
17.11.2023,"992 389,5",00,00,"101 163,1","891 226,4",00,00,"900 000,0",00,00,"100 000,0","800 000,0",00,00
16.11.2023,"992 389,5",00,00,"101 163,1","891 226,4",00,00,"900 000,0",00,00,"100 000,0","800 000,0",00,00
15.11.2023,"1 099 666,3",00,00,"101 348,7","998 317,6",00,00,"1 000 000,0",00,00,"100 000,0","900 000,0",00,00
14.11.2023,"1 099 858,6",00,00,"101 348,7","998 509,9",00,00,"1 000 000,0",00,00,"100 000,0","900 000,0",00,00
13.11.2023,"1 099 858,6",00,00,"101 348,7","998 509,9",00,00,"1 000 000,0",00,00,"100 000,0","900 000,0",00,00
10.11.2023,"1 099 859,6",00,00,"101 348,7","998 509,9",10,00,"1 000 001,0",00,00,"100 000,0","900 000,0",10,00
09.11.2023,"1 099 888,3",00,00,"101 348,7","998 539,6",00,00,"1 000 000,0",00,00,"100 000,0","900 000,0",00,00
08.11.2023,"1 099 888,3",00,00,"101 348,7","998 539,6",00,00,"1 000 000,0",00,00,"100 000,0","900 000,0",00,00
07.11.2023,"1 103 884,8",00,00,"101 348,7","998 539,6","3 996,5",00,"1 003 989,5",00,00,"100 000,0","900 000,0","3 989,5",00
03.11.2023,"1 099 888,3",00,00,"101 348,7","998 539,6",00,00,"1 000 000,0",00,00,"100 000,0","900 000,0",00,00
02.11.2023,"1 099 888,3",00,00,"101 348,7","998 539,6",00,00,"1 000 000,0",00,00,"100 000,0","900 000,0",00,00
01.11.2023,"1 100 166,1",00,00,"101 348,7","998 539,6",2777,00,"1 000 277,6",00,00,"100 000,0","900 000,0",2776,00
31.10.2023,"1 102 558,5",00,00,"101 348,7","998 696,6","2 513,2",00,"1 002 512,1",00,00,"100 000,0","900 000,0","2 512,1",00
30.10.2023,"1 094 197,8",00,00,"101 261,0","992 106,6",8302,00,"1 000 829,2",00,00,"100 000,0","900 000,0",8292,00
27.10.2023,"1 093 367,6",00,00,"101 261,0","992 106,6",00,00,"1 000 000,0",00,00,"100 000,0","900 000,0",00,00
26.10.2023,"1 094 128,2",00,00,"101 261,0","992 106,6",7606,00,"1 000 760,3",00,00,"100 000,0","900 000,0",7603,00
25.10.2023,"1 094 164,2",00,00,"101 261,0","992 139,5",7596,40,"1 000 763,3",00,00,"100 000,0","900 000,0",7593,40
24.10.2023,"1 094 141,9",00,00,"101 261,0","992 139,5",7414,00,"1 000 741,1",00,00,"100 000,0","900 000,0",7411,00
23.10.2023,"1 093 400,6",00,00,"101 261,0","992 139,5",00,00,"1 000 000,0",00,00,"100 000,0","900 000,0",00,00
20.10.2023,"1 093 435,8",00,00,"101 261,0","992 174,8",00,00,"1 000 000,0",00,00,"100 000,0","900 000,0",00,00
19.10.2023,"1 094 717,1",00,00,"101 261,0","992 318,0","1 138,0",00,"1 001 137,6",00,00,"100 000,0","900 000,0","1 137,6",00
18.10.2023,"1 093 839,2",00,00,"101 261,0","992 318,0",2601,00,"1 000 260,0",00,00,"100 000,0","900 000,0",2600,00
17.10.2023,"1 153 162,9",00,00,"101 261,0","992 318,0","59 583,8",00,"1 059 561,0",00,00,"100 000,0","900 000,0","59 561,0",00
16.10.2023,"1 209 951,9",00,00,"101 261,0","992 318,0","116 372,9",—,"1 116 239,1",00,00,"100 000,0","900 000,0","116 239,1",—
13.10.2023,"1 323 127,2",00,00,"101 261,0","992 318,0","229 548,2",—,"1 229 460,1",00,00,"100 000,0","900 000,0","229 460,1",—
12.10.2023,"1 093 579,1",00,00,"101 261,0","992 318,0",00,—,"1 000 000,0",00,00,"100 000,0","900 000,0",00,—
11.10.2023,"1 201 939,7",00,00,"101 003,5","1 100 936,2",00,—,"1 100 000,0",00,00,"100 000,0","1 000 000,0",00,—
10.10.2023,"1 201 961,7",00,00,"101 003,5","1 100 958,2",00,—,"1 100 000,0",00,00,"100 000,0","1 000 000,0",00,—
09.10.2023,"1 202 128,8",00,00,"101 003,5","1 101 125,3",00,—,"1 100 000,0",00,00,"100 000,0","1 000 000,0",00,—
06.10.2023,"1 202 128,8",00,00,"101 003,5","1 101 125,3",00,—,"1 100 000,0",00,00,"100 000,0","1 000 000,0",00,—
05.10.2023,"1 202 128,8",00,00,"101 003,5","1 101 125,3",00,—,"1 100 000,0",00,00,"100 000,0","1 000 000,0",00,—
04.10.2023,"1 202 473,1",00,00,"101 003,5","1 101 469,6",00,—,"1 100 000,0",00,00,"100 000,0","1 000 000,0",00,—
03.10.2023,"1 202 579,4",00,00,"101 003,5","1 101 575,9",00,—,"1 100 000,0",00,00,"100 000,0","1 000 000,0",00,—
02.10.2023,"1 202 915,6",00,00,"101 003,5","1 101 661,0",2511,—,"1 100 250,8",00,00,"100 000,0","1 000 000,0",2508,—
29.09.2023,"1 202 946,3",00,00,"101 003,5","1 101 942,8",00,—,"1 100 000,0",00,00,"100 000,0","1 000 000,0",00,—
28.09.2023,"1 202 955,8",00,00,"101 003,5","1 101 952,3",00,—,"1 100 000,0",00,00,"100 000,0","1 000 000,0",00,—
27.09.2023,"1 203 135,6",00,00,"101 003,5","1 102 132,1",00,—,"1 100 000,0",00,00,"100 000,0","1 000 000,0",00,—
26.09.2023,"1 203 225,1",00,00,"101 003,5","1 102 221,6",00,—,"1 100 000,0",00,00,"100 000,0","1 000 000,0",00,—
25.09.2023,"1 203 225,1",00,00,"101 003,5","1 102 221,6",00,—,"1 100 000,0",00,00,"100 000,0","1 000 000,0",00,—
22.09.2023,"1 203 258,8",00,00,"101 003,5","1 102 255,2",00,—,"1 100 000,0",00,00,"100 000,0","1 000 000,0",00,—
21.09.2023,"1 203 647,5",00,00,"101 003,5","1 102 255,2",3887,—,"1 100 388,6",00,00,"100 000,0","1 000 000,0",3886,—
20.09.2023,"1 203 772,4",00,00,"101 003,5","1 102 255,2",5137,—,"1 100 513,5",00,00,"100 000,0","1 000 000,0",5135,—
19.09.2023,"1 203 772,3",00,00,"101 003,5","1 102 255,2",5136,—,"1 100 513,4",00,00,"100 000,0","1 000 000,0",5134,—
18.09.2023,"1 495 692,7",00,00,"100 940,5","1 097 797,9","296 954,3",—,"1 396 637,3",00,00,"100 000,0","1 000 000,0","296 637,3",—
15.09.2023,"1 431 124,2",00,00,"100 940,5","1 097 797,9","232 385,8",—,"1 332 303,1",00,00,"100 000,0","1 000 000,0","232 303,1",—
14.09.2023,"1 439 657,0",00,00,"100 940,5","1 097 797,9","240 918,6",—,"1 340 832,8",00,00,"100 000,0","1 000 000,0","240 832,8",—
13.09.2023,"1 306 615,1",00,00,"100 935,3","1 205 679,8",00,—,"1 200 000,0",00,00,"100 000,0","1 100 000,0",00,—
12.09.2023,"1 306 642,9",00,00,"100 935,3","1 205 707,6",00,—,"1 200 000,0",00,00,"100 000,0","1 100 000,0",00,—
11.09.2023,"1 307 060,1",00,00,"100 935,3","1 205 707,6",4172,—,"1 200 416,8",00,00,"100 000,0","1 100 000,0",4168,—
08.09.2023,"1 307 944,5",00,00,"100 935,3","1 206 116,1",8930,—,"1 200 892,7",00,00,"100 000,0","1 100 000,0",8927,—
07.09.2023,"1 309 195,2",00,00,"100 935,3","1 206 396,9","1 863,0",—,"1 201 862,4",00,00,"100 000,0","1 100 000,0","1 862,4",—
06.09.2023,"1 309 341,6",00,00,"100 935,3","1 206 561,1","1 845,2",—,"1 201 844,6",00,00,"100 000,0","1 100 000,0","1 844,6",—
05.09.2023,"1 308 125,7",00,00,"100 935,3","1 206 679,4",5110,—,"1 200 510,8",00,00,"100 000,0","1 100 000,0",5108,—
04.09.2023,"1 307 633,4",00,00,"100 935,3","1 206 698,1",00,—,"1 200 000,0",00,00,"100 000,0","1 100 000,0",00,—
01.09.2023,"1 307 658,1",00,00,"100 935,3","1 206 722,8",00,—,"1 200 000,0",00,00,"100 000,0","1 100 000,0",00,—
31.08.2023,"1 307 658,1",00,00,"100 935,3","1 206 722,8",00,—,"1 200 000,0",00,00,"100 000,0","1 100 000,0",00,—
30.08.2023,"1 307 674,7",00,00,"100 935,3","1 206 739,4",00,—,"1 200 000,0",00,00,"100 000,0","1 100 000,0",00,—
29.08.2023,"1 308 286,0",00,00,"100 935,3","1 206 749,7",6010,—,"1 200 600,7",00,00,"100 000,0","1 100 000,0",6007,—
28.08.2023,"1 308 440,1",00,00,"100 935,3","1 206 905,6",5992,—,"1 200 598,5",00,00,"100 000,0","1 100 000,0",5985,—
25.08.2023,"1 308 474,9",00,00,"100 935,3","1 206 940,7",5989,—,"1 200 598,7",00,00,"100 000,0","1 100 000,0",5987,—
24.08.2023,"1 308 808,4",00,00,"100 935,3","1 207 034,1",8390,—,"1 200 838,7",00,00,"100 000,0","1 100 000,0",8387,—
23.08.2023,"1 308 566,3",00,00,"100 935,3","1 207 034,1",5969,—,"1 200 596,7",00,00,"100 000,0","1 100 000,0",5967,—
22.08.2023,"1 309 752,8",00,00,"100 935,3","1 207 034,1","1 783,3",—,"1 201 782,7",00,00,"100 000,0","1 100 000,0","1 782,7",—
21.08.2023,"1 311 021,1",00,00,"100 935,3","1 207 034,1","3 051,6",—,"1 203 048,4",00,00,"100 000,0","1 100 000,0","3 048,4",—
18.08.2023,"1 310 671,6",00,00,"100 935,3","1 207 034,1","2 702,1",—,"1 202 701,2",00,00,"100 000,0","1 100 000,0","2 701,2",—
17.08.2023,"1 311 083,0",00,00,"100 935,3","1 207 034,1","3 113,6",—,"1 203 112,5",00,00,"100 000,0","1 100 000,0","3 112,5",—
16.08.2023,"1 310 913,1",00,00,"100 660,2","1 207 152,4","3 100,5",—,"1 203 109,4",00,00,"100 000,0","1 100 010,0","3 099,4",—
15.08.2023,"1 766 721,4",00,00,"100 650,6","1 188 129,4","477 941,3",—,"1 677 827,0",00,00,"100 000,0","1 100 010,0","477 817,0",—
14.08.2023,"1 290 353,1",00,00,"100 650,6","1 188 158,7","1 543,8",—,"1 201 552,6",00,00,"100 000,0","1 100 010,0","1 542,6",—
11.08.2023,"1 289 414,5",00,00,"100 650,6","1 188 249,0",5149,—,"1 200 524,8",00,00,"100 000,0","1 100 010,0",5148,—
10.08.2023,"1 293 608,6",00,00,"100 650,6","1 188 349,7","4 608,2",—,"1 204 617,0",00,00,"100 000,0","1 100 010,0","4 607,0",—
09.08.2023,"1 292 628,8",00,00,"100 650,6","1 188 447,0","3 531,3",—,"1 203 540,3",00,00,"100 000,0","1 100 010,0","3 530,3",—
08.08.2023,"1 294 083,5",00,00,"100 650,6","1 188 466,8","4 966,1",—,"1 204 974,8",00,00,"100 000,0","1 100 010,0","4 964,8",—
07.08.2023,"1 293 744,3",00,00,"100 650,6","1 188 497,4","4 596,3",—,"1 204 602,7",00,00,"100 000,0","1 100 010,0","4 592,7",—
04.08.2023,"1 293 237,4",00,00,"100 650,6","1 188 509,1","4 077,7",—,"1 204 086,6",00,00,"100 000,0","1 100 010,0","4 076,6",—
03.08.2023,"1 292 764,2",00,00,"100 650,6","1 188 509,1","3 604,5",—,"1 203 613,5",00,00,"100 000,0","1 100 010,0","3 603,5",—
02.08.2023,"1 292 802,6",00,00,"100 650,6","1 189 153,6","2 998,5",—,"1 203 007,7",00,00,"100 000,0","1 100 010,0","2 997,7",—
01.08.2023,"1 292 782,1",00,00,"100 650,6","1 189 153,6","2 977,9",—,"1 202 987,2",00,00,"100 000,0","1 100 010,0","2 977,2",—
31.07.2023,"1 292 844,0",00,00,"100 650,6","1 189 245,9","2 947,4",—,"1 202 955,1",00,00,"100 000,0","1 100 010,0","2 945,1",—
28.07.2023,"1 292 844,7",00,00,"100 650,6","1 189 245,9","2 948,1",—,"1 202 957,3",00,00,"100 000,0","1 100 010,0","2 947,3",—
27.07.2023,"1 292 045,3",00,00,"100 650,6","1 189 245,9","2 148,8",—,"1 202 158,2",00,00,"100 000,0","1 100 010,0","2 148,2",—
26.07.2023,"1 291 233,3",00,00,"100 650,6","1 189 245,9","1 336,7",—,"1 201 346,4",00,00,"100 000,0","1 100 010,0","1 336,4",—
25.07.2023,"1 291 708,4",00,00,"100 650,6","1 189 245,9","1 811,8",—,"1 201 821,3",00,00,"100 000,0","1 100 010,0","1 811,3",—
24.07.2023,"1 517 040,4",00,00,"100 587,6","1 183 063,7","233 389,1",—,"1 433 236,1",00,00,"100 000,0","1 100 010,0","233 226,1",—
21.07.2023,"1 284 374,6",00,00,"100 587,6","1 183 075,4",7116,—,"1 200 721,5",00,00,"100 000,0","1 100 010,0",7115,—
20.07.2023,"1 284 472,1",00,00,"100 587,6","1 183 177,0",7075,—,"1 200 717,4",00,00,"100 000,0","1 100 010,0",7074,—
19.07.2023,"1 377 904,9",00,00,"301 749,0","1 076 155,8",00,—,"1 301 030,0",00,00,"300 000,0","1 001 030,0",00,—
18.07.2023,"1 380 228,9",00,00,"301 749,0","1 076 219,2","2 260,7",—,"1 303 290,1",00,00,"300 000,0","1 001 030,0","2 260,1",—
17.07.2023,"1 380 059,4",00,00,"301 749,0","1 076 219,2","2 091,1",—,"1 303 119,7",00,00,"300 000,0","1 001 030,0","2 089,7",—
14.07.2023,"1 380 450,4",00,00,"301 749,0","1 076 219,2","2 482,1",—,"1 303 511,6",00,00,"300 000,0","1 001 030,0","2 481,6",—
13.07.2023,"1 380 454,8",00,00,"301 749,0","1 076 227,3","2 478,5",—,"1 303 507,9",00,00,"300 000,0","1 001 030,0","2 477,9",—
12.07.2023,"1 378 924,4",00,00,"301 749,0","1 076 327,5",8479,—,"1 301 877,7",00,00,"300 000,0","1 001 030,0",8477,—
11.07.2023,"1 379 187,6",00,00,"301 749,0","1 076 395,8","1 042,7",—,"1 302 072,5",00,00,"300 000,0","1 001 030,0","1 042,5",—
10.07.2023,"1 379 392,6",00,00,"301 749,0","1 076 395,8","1 247,8",—,"1 302 276,9",00,00,"300 000,0","1 001 030,0","1 246,9",—
07.07.2023,"1 379 685,1",00,00,"301 749,0","1 076 395,8","1 540,2",—,"1 302 569,8",00,00,"300 000,0","1 001 030,0","1 539,8",—
06.07.2023,"1 378 152,3",00,00,"301 749,0","1 076 403,3",00,—,"1 301 030,0",00,00,"300 000,0","1 001 030,0",00,—
05.07.2023,"1 379 162,1",00,00,"301 749,0","1 076 403,3","1 009,8",—,"1 302 039,5",00,00,"300 000,0","1 001 030,0","1 009,5",—
04.07.2023,"1 379 706,1",00,00,"301 749,0","1 076 413,6","1 543,5",—,"1 302 573,1",00,00,"300 000,0","1 001 030,0","1 543,1",—
03.07.2023,"1 379 777,7",00,00,"301 749,0","1 076 508,7","1 520,0",—,"1 302 548,9",00,00,"300 000,0","1 001 030,0","1 518,9",—
30.06.2023,"1 378 308,3",00,00,"301 749,0","1 076 559,2",01,—,"1 301 030,1",00,00,"300 000,0","1 001 030,0",01,—
29.06.2023,"1 378 612,2",00,00,"301 749,0","1 076 559,2",3040,—,"1 301 333,9",00,00,"300 000,0","1 001 030,0",3039,—
28.06.2023,"1 379 696,5",00,00,"301 749,0","1 076 559,2","1 388,3",—,"1 302 418,0",00,00,"300 000,0","1 001 030,0","1 388,0",—
27.06.2023,"1 379 916,5",00,00,"301 749,0","1 076 559,2","1 608,3",—,"1 302 637,9",00,00,"300 000,0","1 001 030,0","1 607,9",—
26.06.2023,"1 379 468,3",00,00,"301 749,0","1 076 559,2","1 160,1",—,"1 302 189,3",00,00,"300 000,0","1 001 030,0","1 159,3",—
23.06.2023,"1 378 379,7",00,00,"301 749,0","1 076 630,7",00,—,"1 301 030,0",00,00,"300 000,0","1 001 030,0",00,—
22.06.2023,"1 378 387,6",00,00,"301 749,0","1 076 638,5",00,—,"1 301 030,0",00,00,"300 000,0","1 001 030,0",00,—
21.06.2023,"1 472 625,8",00,00,"503 643,8","968 982,0",00,—,"1 401 063,5",00,00,"500 000,0","901 063,5",00,—
20.06.2023,"1 473 357,1",00,00,"503 643,8","969 011,4",7019,—,"1 401 765,2",00,00,"500 000,0","901 063,5",7017,—
19.06.2023,"1 473 359,8",00,00,"503 643,8","969 011,4",7045,—,"1 401 767,5",00,00,"500 000,0","901 063,5",7040,—
16.06.2023,"1 472 655,3",00,00,"503 643,8","969 011,4",00,—,"1 401 063,5",00,00,"500 000,0","901 063,5",00,—
15.06.2023,"1 472 655,3",00,00,"503 643,8","969 011,4",00,—,"1 401 063,5",00,00,"500 000,0","901 063,5",00,—
14.06.2023,"1 472 655,3",00,00,"503 643,8","969 011,4",00,—,"1 401 063,5",00,00,"500 000,0","901 063,5",00,—
13.06.2023,"1 474 314,2",00,00,"503 643,8","969 011,4","1 659,0",—,"1 402 720,9",00,00,"500 000,0","901 063,5","1 657,4",—
09.06.2023,"1 472 655,3",00,00,"503 643,8","969 011,4",00,—,"1 401 063,5",00,00,"500 000,0","901 063,5",00,—
08.06.2023,"1 472 655,3",00,00,"503 643,8","969 011,4",00,—,"1 401 063,5",00,00,"500 000,0","901 063,5",00,—
07.06.2023,"1 472 655,3",00,00,"503 643,8","969 011,4",00,—,"1 401 063,5",00,00,"500 000,0","901 063,5",00,—
06.06.2023,"1 472 655,3",00,00,"503 643,8","969 011,4",00,—,"1 401 063,5",00,00,"500 000,0","901 063,5",00,—
05.06.2023,"1 472 655,3",00,00,"503 643,8","969 011,4",00,—,"1 401 063,5",00,00,"500 000,0","901 063,5",00,—
02.06.2023,"1 472 753,8",00,00,"503 643,8","969 110,0",00,—,"1 401 063,5",00,00,"500 000,0","901 063,5",00,—
01.06.2023,"1 472 753,8",00,00,"503 643,8","969 110,0",00,—,"1 401 063,5",00,00,"500 000,0","901 063,5",00,—
31.05.2023,"1 472 753,8",00,00,"503 643,8","969 110,0",00,—,"1 401 063,5",00,00,"500 000,0","901 063,5",00,—
30.05.2023,"1 472 754,7",00,00,"503 643,8","969 110,0",08,—,"1 401 064,3",00,00,"500 000,0","901 063,5",08,—
29.05.2023,"1 472 753,8",00,00,"503 643,8","969 110,0",00,—,"1 401 063,5",00,00,"500 000,0","901 063,5",00,—
26.05.2023,"1 472 753,8",00,00,"503 643,8","969 110,0",00,—,"1 401 063,5",00,00,"500 000,0","901 063,5",00,—
25.05.2023,"1 472 753,8",00,00,"503 643,8","969 110,0",00,—,"1 401 063,5",00,00,"500 000,0","901 063,5",00,—
24.05.2023,"1 472 753,8",00,00,"503 643,8","969 110,0",00,—,"1 401 063,5",00,00,"500 000,0","901 063,5",00,—
23.05.2023,"1 472 753,8",00,00,"503 643,8","969 110,0",00,—,"1 401 063,5",00,00,"500 000,0","901 063,5",00,—
22.05.2023,"1 472 753,8",00,00,"503 643,8","969 110,0",00,—,"1 401 063,5",00,00,"500 000,0","901 063,5",00,—
19.05.2023,"1 472 753,8",00,00,"503 643,8","969 110,0",00,—,"1 401 063,5",00,00,"500 000,0","901 063,5",00,—
18.05.2023,"1 472 753,8",00,00,"503 643,8","969 110,0",00,—,"1 401 063,5",00,00,"500 000,0","901 063,5",00,—
17.05.2023,"1 718 628,0",00,00,"856 439,8","862 188,2",00,—,"1 653 732,0",00,00,"851 475,6","802 256,3",00,—
16.05.2023,"1 718 628,0",00,00,"856 439,8","862 188,2",00,—,"1 653 732,0",00,00,"851 475,6","802 256,3",00,—
15.05.2023,"1 718 628,0",00,00,"856 439,8","862 188,2",00,—,"1 653 732,0",00,00,"851 475,6","802 256,3",00,—
12.05.2023,"1 718 628,0",00,00,"856 439,8","862 188,2",00,—,"1 653 732,0",00,00,"851 475,6","802 256,3",00,—
11.05.2023,"1 718 628,0",00,00,"856 439,8","862 188,2",00,—,"1 653 732,0",00,00,"851 475,6","802 256,3",00,—
10.05.2023,"1 719 629,2",00,00,"856 439,8","862 188,2","1 001,2",—,"1 654 732,0",00,00,"851 475,6","802 256,3","1 000,0",—
08.05.2023,"1 719 629,2",00,00,"856 439,8","862 188,2","1 001,2",00,"1 654 732,0",00,00,"851 475,6","802 256,3","1 000,0",00
05.05.2023,"1 718 628,0",00,00,"856 439,8","862 188,2",00,—,"1 653 732,0",00,00,"851 475,6","802 256,3",00,—
04.05.2023,"1 718 628,0",00,00,"856 439,8","862 188,2",00,—,"1 653 732,0",00,00,"851 475,6","802 256,3",00,—
03.05.2023,"1 724 294,9",00,00,"856 439,8","862 188,2","5 666,8",—,"1 659 397,5",00,00,"851 475,6","802 256,3","5 665,5",—
02.05.2023,"1 722 701,7",00,00,"856 439,8","862 188,2","4 073,7",—,"1 657 801,8",00,00,"851 475,6","802 256,3","4 069,9",—
28.04.2023,"1 718 628,0",00,00,"856 439,8","862 188,2",00,—,"1 653 732,0",00,00,"851 475,6","802 256,3",00,—
27.04.2023,"1 725 951,6",00,00,"856 439,8","862 188,2","7 323,5",—,"1 661 053,8",00,00,"851 475,6","802 256,3","7 321,8",—
26.04.2023,"1 725 934,9",00,00,"856 439,8","862 188,2","7 306,9",—,"1 661 037,2",00,00,"851 475,6","802 256,3","7 305,2",—
25.04.2023,"1 725 944,2",00,00,"856 439,8","862 188,2","7 316,2",—,"1 661 046,4",00,00,"851 475,6","802 256,3","7 314,5",—
24.04.2023,"1 725 952,2",00,00,"856 439,8","862 188,2","7 324,1",—,"1 661 051,0",00,00,"851 475,6","802 256,3","7 319,0",—
21.04.2023,"1 726 237,5",00,00,"856 439,8","862 188,2","7 609,4",—,"1 661 339,6",00,00,"851 475,6","802 256,3","7 607,6",—
20.04.2023,"1 726 234,3",00,00,"856 439,8","862 188,2","7 606,3",—,"1 661 336,5",00,00,"851 475,6","802 256,3","7 604,5",—
19.04.2023,"1 769 809,5",00,00,"1 005 830,1","759 114,9","4 864,5",—,"1 714 160,0",00,00,"1 000 000,0","709 296,7","4 863,3",—
18.04.2023,"1 772 735,0",00,00,"1 005 830,1","759 115,4","7 789,5",—,"1 717 084,4",00,00,"1 000 000,0","709 296,7","7 787,7",—
17.04.2023,"1 772 743,4",00,00,"1 005 830,1","759 115,4","7 797,9",—,"1 717 089,1",00,00,"1 000 000,0","709 296,7","7 792,4",—
14.04.2023,"1 772 772,3",00,00,"1 005 830,1","759 115,4","7 826,8",—,"1 717 121,6",00,00,"1 000 000,0","709 296,7","7 825,0",—
13.04.2023,"1 772 781,2",00,00,"1 005 830,1","759 122,7","7 828,3",—,"1 717 123,2",00,00,"1 000 000,0","709 296,7","7 826,5",—
12.04.2023,"1 768 792,8",00,00,"1 005 830,1","759 228,9","3 733,8",—,"1 713 029,6",00,00,"1 000 000,0","709 296,7","3 732,9",—
11.04.2023,"1 772 896,0",00,00,"1 005 830,1","759 228,9","7 837,0",—,"1 717 131,8",00,00,"1 000 000,0","709 296,7","7 835,2",—
10.04.2023,"1 773 055,4",00,00,"1 005 830,1","759 428,3","7 796,9",—,"1 717 088,1",00,00,"1 000 000,0","709 296,7","7 791,5",—
07.04.2023,"1 772 992,4",00,00,"1 005 830,1","759 428,3","7 734,0",—,"1 717 028,8",00,00,"1 000 000,0","709 296,7","7 732,2",—
06.04.2023,"1 773 068,4",00,00,"1 005 830,1","759 512,1","7 726,2",—,"1 717 021,1",00,00,"1 000 000,0","709 296,7","7 724,4",—
05.04.2023,"1 773 257,1",00,00,"1 005 830,1","759 813,9","7 613,0",—,"1 716 907,9",00,00,"1 000 000,0","709 296,7","7 611,2",—
04.04.2023,"1 773 219,3",00,00,"1 005 830,1","759 813,9","7 575,3",—,"1 716 870,2",00,00,"1 000 000,0","709 296,7","7 573,5",—
03.04.2023,"1 773 210,1",00,00,"1 005 830,1","759 813,9","7 566,0",—,"1 716 857,4",00,00,"1 000 000,0","709 296,7","7 560,8",—
31.03.2023,"1 772 458,3",00,00,"1 005 830,1","759 813,9","6 814,2",—,"1 716 109,3",00,00,"1 000 000,0","709 296,7","6 812,6",—
30.03.2023,"1 767 867,2",00,00,"1 005 830,1","759 813,9","2 223,2",—,"1 711 519,3",00,00,"1 000 000,0","709 296,7","2 222,6",—
29.03.2023,"1 765 966,4",00,00,"1 005 830,1","760 036,2",1000,—,"1 709 396,7",00,00,"1 000 000,0","709 296,7",1000,—
28.03.2023,"1 765 866,4",00,00,"1 005 830,1","760 036,2",00,—,"1 709 296,7",00,00,"1 000 000,0","709 296,7",00,—
27.03.2023,"1 765 866,4",00,00,"1 005 830,1","760 036,2",00,—,"1 709 296,7",00,00,"1 000 000,0","709 296,7",00,—
24.03.2023,"1 765 866,4",00,00,"1 005 830,1","760 036,2",00,—,"1 709 296,7",00,00,"1 000 000,0","709 296,7",00,—
23.03.2023,"1 765 866,4",00,00,"1 005 830,1","760 036,2",00,—,"1 709 296,7",00,00,"1 000 000,0","709 296,7",00,—
22.03.2023,"1 668 495,8",00,00,"1 007 287,7","661 208,1",00,—,"1 619 464,1",00,00,"1 000 000,0","619 464,1",00,—
21.03.2023,"1 668 614,4",00,00,"1 007 287,7","661 326,8",00,—,"1 619 464,1",00,00,"1 000 000,0","619 464,1",00,—
20.03.2023,"1 668 654,0",00,00,"1 007 287,7","661 366,3",00,—,"1 619 464,1",00,00,"1 000 000,0","619 464,1",00,—
17.03.2023,"1 668 691,0",00,00,"1 007 287,7","661 403,4",00,—,"1 619 464,1",00,00,"1 000 000,0","619 464,1",00,—
16.03.2023,"1 668 691,0",00,00,"1 007 287,7","661 403,4",00,—,"1 619 464,1",00,00,"1 000 000,0","619 464,1",00,—
15.03.2023,"1 668 691,0",00,00,"1 007 287,7","661 403,4",00,—,"1 619 464,1",00,00,"1 000 000,0","619 464,1",00,—
14.03.2023,"1 668 691,0",00,00,"1 007 287,7","661 403,4",00,—,"1 619 464,1",00,00,"1 000 000,0","619 464,1",00,—
13.03.2023,"1 668 691,0",00,00,"1 007 287,7","661 403,4",00,—,"1 619 464,1",00,00,"1 000 000,0","619 464,1",00,—
10.03.2023,"1 668 691,0",00,00,"1 007 287,7","661 403,4",00,—,"1 619 464,1",00,00,"1 000 000,0","619 464,1",00,—
09.03.2023,"1 668 691,0",00,00,"1 007 287,7","661 403,4",00,—,"1 619 464,1",00,00,"1 000 000,0","619 464,1",00,—
07.03.2023,"1 668 691,0",00,00,"1 007 287,7","661 403,4",00,—,"1 619 464,1",00,00,"1 000 000,0","619 464,1",00,—
06.03.2023,"1 668 691,0",00,00,"1 007 287,7","661 403,4",00,—,"1 619 464,1",00,00,"1 000 000,0","619 464,1",00,—
03.03.2023,"1 668 691,0",00,00,"1 007 287,7","661 403,4",00,—,"1 619 464,1",00,00,"1 000 000,0","619 464,1",00,—
02.03.2023,"1 668 691,0",00,00,"1 007 287,7","661 403,4",00,—,"1 619 464,1",00,00,"1 000 000,0","619 464,1",00,—
01.03.2023,"1 668 691,0",00,00,"1 007 287,7","661 403,4",00,—,"1 619 464,1",00,00,"1 000 000,0","619 464,1",00,—
28.02.2023,"1 668 691,0",00,00,"1 007 287,7","661 403,4",00,—,"1 619 464,1",00,00,"1 000 000,0","619 464,1",00,—
27.02.2023,"1 668 691,0",00,00,"1 007 287,7","661 403,4",00,—,"1 619 464,1",00,00,"1 000 000,0","619 464,1",00,—
22.02.2023,"1 668 691,0",00,00,"1 007 287,7","661 403,4",00,—,"1 619 464,1",00,00,"1 000 000,0","619 464,1",00,—
21.02.2023,"1 668 691,0",00,00,"1 007 287,7","661 403,4",00,—,"1 619 464,1",00,00,"1 000 000,0","619 464,1",00,—
20.02.2023,"1 668 691,0",00,00,"1 007 287,7","661 403,4",00,—,"1 619 464,1",00,00,"1 000 000,0","619 464,1",00,—
17.02.2023,"1 668 691,0",00,00,"1 007 287,7","661 403,4",00,—,"1 619 464,1",00,00,"1 000 000,0","619 464,1",00,—
16.02.2023,"1 668 787,8",00,00,"1 007 287,7","661 500,2",00,—,"1 619 464,1",00,00,"1 000 000,0","619 464,1",00,—
15.02.2023,"2 064 787,9",00,00,"1 510 938,2","553 849,7",00,—,"2 019 484,1",00,00,"1 500 000,0","519 484,1",00,—
14.02.2023,"2 064 881,3",00,00,"1 510 938,2","553 943,1",00,—,"2 019 484,1",00,00,"1 500 000,0","519 484,1",00,—
13.02.2023,"2 064 944,3",00,00,"1 510 938,2","554 006,1",00,—,"2 019 484,1",00,00,"1 500 000,0","519 484,1",00,—
10.02.2023,"2 064 970,0",00,00,"1 510 938,2","554 031,8",00,—,"2 019 484,1",00,00,"1 500 000,0","519 484,1",00,—
09.02.2023,"2 065 438,3",00,00,"1 510 938,2","554 052,1",4480,—,"2 019 932,0",00,00,"1 500 000,0","519 484,1",4479,—
08.02.2023,"2 065 423,0",00,00,"1 510 938,2","554 052,1",4328,—,"2 019 916,7",00,00,"1 500 000,0","519 484,1",4327,—
07.02.2023,"2 065 436,5",00,00,"1 510 938,2","554 052,1",4463,—,"2 019 930,2",00,00,"1 500 000,0","519 484,1",4462,—
06.02.2023,"2 065 419,6",00,00,"1 510 938,2","554 052,1",4293,—,"2 019 913,1",00,00,"1 500 000,0","519 484,1",4290,—
03.02.2023,"2 064 990,3",00,00,"1 510 938,2","554 052,1",00,—,"2 019 484,1",00,00,"1 500 000,0","519 484,1",00,—
02.02.2023,"2 064 990,3",00,00,"1 510 938,2","554 052,1",00,—,"2 019 484,1",00,00,"1 500 000,0","519 484,1",00,—
01.02.2023,"2 065 418,7",00,00,"1 510 938,2","554 480,5",00,—,"2 019 484,1",00,00,"1 500 000,0","519 484,1",00,—
31.01.2023,"2 065 431,4",00,00,"1 510 938,2","554 493,2",00,—,"2 019 484,1",00,00,"1 500 000,0","519 484,1",00,—
30.01.2023,"2 065 431,4",00,00,"1 510 938,2","554 493,2",00,—,"2 019 484,1",00,00,"1 500 000,0","519 484,1",00,—
27.01.2023,"2 065 431,4",00,00,"1 510 938,2","554 493,2",00,—,"2 019 484,1",00,00,"1 500 000,0","519 484,1",00,—
26.01.2023,"2 065 431,4",00,00,"1 510 938,2","554 493,2",00,—,"2 019 484,1",00,00,"1 500 000,0","519 484,1",00,—
25.01.2023,"2 065 453,7",00,00,"1 510 938,2","554 493,2",222,—,"2 019 506,3",00,00,"1 500 000,0","519 484,1",222,—
24.01.2023,"2 065 431,4",00,00,"1 510 938,2","554 493,2",00,—,"2 019 484,1",00,00,"1 500 000,0","519 484,1",00,—
23.01.2023,"2 065 442,6",00,00,"1 510 938,2","554 504,4",00,—,"2 019 484,1",00,00,"1 500 000,0","519 484,1",00,—
20.01.2023,"2 065 442,6",00,00,"1 510 938,2","554 504,4",00,—,"2 019 484,1",00,00,"1 500 000,0","519 484,1",00,—
19.01.2023,"2 065 491,7",00,00,"1 510 938,2","554 553,5",00,—,"2 019 484,1",00,00,"1 500 000,0","519 484,1",00,—
18.01.2023,"2 065 491,7",00,00,"1 510 938,2","554 553,5",00,—,"2 019 484,1",00,00,"1 500 000,0","519 484,1",00,—
17.01.2023,"2 065 491,7",00,00,"1 510 938,2","554 553,5",00,—,"2 019 484,1",00,00,"1 500 000,0","519 484,1",00,—
16.01.2023,"2 066 917,3",00,00,"1 510 938,2","554 553,5","1 425,6",—,"2 020 908,6",00,00,"1 500 000,0","519 484,1","1 424,6",—
13.01.2023,"2 068 248,3",00,00,"1 510 938,2","554 553,5","2 756,6",—,"2 022 240,0",00,00,"1 500 000,0","519 484,1","2 755,9",—
12.01.2023,"2 068 271,4",00,00,"1 510 938,2","554 553,5","2 779,7",—,"2 022 263,2",00,00,"1 500 000,0","519 484,1","2 779,1",—
11.01.2023,"1 494 347,0",00,00,"1 007 287,7","484 252,4","2 806,9",—,"1 522 290,4",00,00,"1 000 000,0","519 484,1","2 806,3",—
10.01.2023,"1 494 490,5",00,00,"1 007 287,7","484 252,4","2 950,5",—,"1 522 433,9",00,00,"1 000 000,0","519 484,1","2 949,8",—
09.01.2023,"1 499 455,0",00,00,"1 007 287,7","484 252,4","7 915,0",—,"1 527 380,6",00,00,"1 000 000,0","519 484,1","7 896,6",—
06.01.2023,"1 499 455,0",00,00,"1 007 287,7","484 252,4","7 915,0",00,"1 527 380,6",00,00,"1 000 000,0","519 484,1","7 896,6",00
05.01.2023,"1 499 455,0",00,00,"1 007 287,7","484 252,4","7 915,0",00,"1 527 380,6",00,00,"1 000 000,0","519 484,1","7 896,6",00
04.01.2023,"1 499 455,0",00,00,"1 007 287,7","484 252,4","7 915,0",00,"1 527 380,6",00,00,"1 000 000,0","519 484,1","7 896,6",00
03.01.2023,"1 499 455,0",00,00,"1 007 287,7","484 252,4","7 915,0",00,"1 527 380,6",00,00,"1 000 000,0","519 484,1","7 896,6",00
