Дата,Тип налога,Описание
2014-01-15,НДС,Уплата НДС
2014-01-28,Налог на прибыль,Уплата Налог на прибыль
2014-02-15,НДС,Уплата НДС
2014-02-28,Налог на прибыль,Уплата Налог на прибыль
2014-03-15,НДС,Уплата НДС
2014-03-28,Налог на прибыль,Уплата Налог на прибыль
2014-03-31,НДФЛ,Уплата НДФЛ
2014-04-15,НДС,Уплата НДС
2014-04-28,Налог на прибыль,Уплата Налог на прибыль
2014-05-15,НДС,Уплата НДС
2014-05-28,Налог на прибыль,Уплата Налог на прибыль
2014-06-15,НДС,Уплата НДС
2014-06-28,Налог на прибыль,Уплата Налог на прибыль
2014-07-15,НДС,Уплата НДС
2014-07-28,Налог на прибыль,Уплата Налог на прибыль
2014-08-15,НДС,Уплата НДС
2014-08-28,Налог на прибыль,Уплата Налог на прибыль
2014-09-15,НДС,Уплата НДС
2014-09-28,Налог на прибыль,Уплата Налог на прибыль
2014-09-30,НДФЛ,Уплата НДФЛ
2014-10-15,НДС,Уплата НДС
2014-10-28,Налог на прибыль,Уплата Налог на прибыль
2014-11-15,НДС,Уплата НДС
2014-11-28,Налог на прибыль,Уплата Налог на прибыль
2014-12-15,НДС,Уплата НДС
2014-12-28,Налог на прибыль,Уплата Налог на прибыль
2014-12-31,НДФЛ,Уплата НДФЛ
2015-01-15,НДС,Уплата НДС
2015-01-28,Налог на прибыль,Уплата Налог на прибыль
2015-02-15,НДС,Уплата НДС
2015-02-28,Налог на прибыль,Уплата Налог на прибыль
2015-03-15,НДС,Уплата НДС
2015-03-28,Налог на прибыль,Уплата Налог на прибыль
2015-03-31,НДФЛ,Уплата НДФЛ
2015-04-15,НДС,Уплата НДС
2015-04-28,Налог на прибыль,Уплата Налог на прибыль
2015-05-15,НДС,Уплата НДС
2015-05-28,Налог на прибыль,Уплата Налог на прибыль
2015-06-15,НДС,Уплата НДС
2015-06-28,Налог на прибыль,Уплата Налог на прибыль
2015-07-15,НДС,Уплата НДС
2015-07-28,Налог на прибыль,Уплата Налог на прибыль
2015-08-15,НДС,Уплата НДС
2015-08-28,Налог на прибыль,Уплата Налог на прибыль
2015-09-15,НДС,Уплата НДС
2015-09-28,Налог на прибыль,Уплата Налог на прибыль
2015-09-30,НДФЛ,Уплата НДФЛ
2015-10-15,НДС,Уплата НДС
2015-10-28,Налог на прибыль,Уплата Налог на прибыль
2015-11-15,НДС,Уплата НДС
2015-11-28,Налог на прибыль,Уплата Налог на прибыль
2015-12-15,НДС,Уплата НДС
2015-12-28,Налог на прибыль,Уплата Налог на прибыль
2015-12-31,НДФЛ,Уплата НДФЛ
2016-01-15,НДС,Уплата НДС
2016-01-28,Налог на прибыль,Уплата Налог на прибыль
2016-02-15,НДС,Уплата НДС
2016-02-28,Налог на прибыль,Уплата Налог на прибыль
2016-03-15,НДС,Уплата НДС
2016-03-28,Налог на прибыль,Уплата Налог на прибыль
2016-03-31,НДФЛ,Уплата НДФЛ
2016-04-15,НДС,Уплата НДС
2016-04-28,Налог на прибыль,Уплата Налог на прибыль
2016-05-15,НДС,Уплата НДС
2016-05-28,Налог на прибыль,Уплата Налог на прибыль
2016-06-15,НДС,Уплата НДС
2016-06-28,Налог на прибыль,Уплата Налог на прибыль
2016-07-15,НДС,Уплата НДС
2016-07-28,Налог на прибыль,Уплата Налог на прибыль
2016-08-15,НДС,Уплата НДС
2016-08-28,Налог на прибыль,Уплата Налог на прибыль
2016-09-15,НДС,Уплата НДС
2016-09-28,Налог на прибыль,Уплата Налог на прибыль
2016-09-30,НДФЛ,Уплата НДФЛ
2016-10-15,НДС,Уплата НДС
2016-10-28,Налог на прибыль,Уплата Налог на прибыль
2016-11-15,НДС,Уплата НДС
2016-11-28,Налог на прибыль,Уплата Налог на прибыль
2016-12-15,НДС,Уплата НДС
2016-12-28,Налог на прибыль,Уплата Налог на прибыль
2016-12-31,НДФЛ,Уплата НДФЛ
2017-01-15,НДС,Уплата НДС
2017-01-28,Налог на прибыль,Уплата Налог на прибыль
2017-02-15,НДС,Уплата НДС
2017-02-28,Налог на прибыль,Уплата Налог на прибыль
2017-03-15,НДС,Уплата НДС
2017-03-28,Налог на прибыль,Уплата Налог на прибыль
2017-03-31,НДФЛ,Уплата НДФЛ
2017-04-15,НДС,Уплата НДС
2017-04-28,Налог на прибыль,Уплата Налог на прибыль
2017-05-15,НДС,Уплата НДС
2017-05-28,Налог на прибыль,Уплата Налог на прибыль
2017-06-15,НДС,Уплата НДС
2017-06-28,Налог на прибыль,Уплата Налог на прибыль
2017-07-15,НДС,Уплата НДС
2017-07-28,Налог на прибыль,Уплата Налог на прибыль
2017-08-15,НДС,Уплата НДС
2017-08-28,Налог на прибыль,Уплата Налог на прибыль
2017-09-15,НДС,Уплата НДС
2017-09-28,Налог на прибыль,Уплата Налог на прибыль
2017-09-30,НДФЛ,Уплата НДФЛ
2017-10-15,НДС,Уплата НДС
2017-10-28,Налог на прибыль,Уплата Налог на прибыль
2017-11-15,НДС,Уплата НДС
2017-11-28,Налог на прибыль,Уплата Налог на прибыль
2017-12-15,НДС,Уплата НДС
2017-12-28,Налог на прибыль,Уплата Налог на прибыль
2017-12-31,НДФЛ,Уплата НДФЛ
2018-01-15,НДС,Уплата НДС
2018-01-28,Налог на прибыль,Уплата Налог на прибыль
2018-02-15,НДС,Уплата НДС
2018-02-28,Налог на прибыль,Уплата Налог на прибыль
2018-03-15,НДС,Уплата НДС
2018-03-28,Налог на прибыль,Уплата Налог на прибыль
2018-03-31,НДФЛ,Уплата НДФЛ
2018-04-15,НДС,Уплата НДС
2018-04-28,Налог на прибыль,Уплата Налог на прибыль
2018-05-15,НДС,Уплата НДС
2018-05-28,Налог на прибыль,Уплата Налог на прибыль
2018-06-15,НДС,Уплата НДС
2018-06-28,Налог на прибыль,Уплата Налог на прибыль
2018-07-15,НДС,Уплата НДС
2018-07-28,Налог на прибыль,Уплата Налог на прибыль
2018-08-15,НДС,Уплата НДС
2018-08-28,Налог на прибыль,Уплата Налог на прибыль
2018-09-15,НДС,Уплата НДС
2018-09-28,Налог на прибыль,Уплата Налог на прибыль
2018-09-30,НДФЛ,Уплата НДФЛ
2018-10-15,НДС,Уплата НДС
2018-10-28,Налог на прибыль,Уплата Налог на прибыль
2018-11-15,НДС,Уплата НДС
2018-11-28,Налог на прибыль,Уплата Налог на прибыль
2018-12-15,НДС,Уплата НДС
2018-12-28,Налог на прибыль,Уплата Налог на прибыль
2018-12-31,НДФЛ,Уплата НДФЛ
2019-01-15,НДС,Уплата НДС
2019-01-28,Налог на прибыль,Уплата Налог на прибыль
2019-02-15,НДС,Уплата НДС
2019-02-28,Налог на прибыль,Уплата Налог на прибыль
2019-03-15,НДС,Уплата НДС
2019-03-28,Налог на прибыль,Уплата Налог на прибыль
2019-03-31,НДФЛ,Уплата НДФЛ
2019-04-15,НДС,Уплата НДС
2019-04-28,Налог на прибыль,Уплата Налог на прибыль
2019-05-15,НДС,Уплата НДС
2019-05-28,Налог на прибыль,Уплата Налог на прибыль
2019-06-15,НДС,Уплата НДС
2019-06-28,Налог на прибыль,Уплата Налог на прибыль
2019-07-15,НДС,Уплата НДС
2019-07-28,Налог на прибыль,Уплата Налог на прибыль
2019-08-15,НДС,Уплата НДС
2019-08-28,Налог на прибыль,Уплата Налог на прибыль
2019-09-15,НДС,Уплата НДС
2019-09-28,Налог на прибыль,Уплата Налог на прибыль
2019-09-30,НДФЛ,Уплата НДФЛ
2019-10-15,НДС,Уплата НДС
2019-10-28,Налог на прибыль,Уплата Налог на прибыль
2019-11-15,НДС,Уплата НДС
2019-11-28,Налог на прибыль,Уплата Налог на прибыль
2019-12-15,НДС,Уплата НДС
2019-12-28,Налог на прибыль,Уплата Налог на прибыль
2019-12-31,НДФЛ,Уплата НДФЛ
2020-01-15,НДС,Уплата НДС
2020-01-28,Налог на прибыль,Уплата Налог на прибыль
2020-02-15,НДС,Уплата НДС
2020-02-28,Налог на прибыль,Уплата Налог на прибыль
2020-03-15,НДС,Уплата НДС
2020-03-28,Налог на прибыль,Уплата Налог на прибыль
2020-03-31,НДФЛ,Уплата НДФЛ
2020-04-15,НДС,Уплата НДС
2020-04-28,Налог на прибыль,Уплата Налог на прибыль
2020-05-15,НДС,Уплата НДС
2020-05-28,Налог на прибыль,Уплата Налог на прибыль
2020-06-15,НДС,Уплата НДС
2020-06-28,Налог на прибыль,Уплата Налог на прибыль
2020-07-15,НДС,Уплата НДС
2020-07-28,Налог на прибыль,Уплата Налог на прибыль
2020-08-15,НДС,Уплата НДС
2020-08-28,Налог на прибыль,Уплата Налог на прибыль
2020-09-15,НДС,Уплата НДС
2020-09-28,Налог на прибыль,Уплата Налог на прибыль
2020-09-30,НДФЛ,Уплата НДФЛ
2020-10-15,НДС,Уплата НДС
2020-10-28,Налог на прибыль,Уплата Налог на прибыль
2020-11-15,НДС,Уплата НДС
2020-11-28,Налог на прибыль,Уплата Налог на прибыль
2020-12-15,НДС,Уплата НДС
2020-12-28,Налог на прибыль,Уплата Налог на прибыль
2020-12-31,НДФЛ,Уплата НДФЛ
2021-01-15,НДС,Уплата НДС
2021-01-28,Налог на прибыль,Уплата Налог на прибыль
2021-02-15,НДС,Уплата НДС
2021-02-28,Налог на прибыль,Уплата Налог на прибыль
2021-03-15,НДС,Уплата НДС
2021-03-28,Налог на прибыль,Уплата Налог на прибыль
2021-03-31,НДФЛ,Уплата НДФЛ
2021-04-15,НДС,Уплата НДС
2021-04-28,Налог на прибыль,Уплата Налог на прибыль
2021-05-15,НДС,Уплата НДС
2021-05-28,Налог на прибыль,Уплата Налог на прибыль
2021-06-15,НДС,Уплата НДС
2021-06-28,Налог на прибыль,Уплата Налог на прибыль
2021-07-15,НДС,Уплата НДС
2021-07-28,Налог на прибыль,Уплата Налог на прибыль
2021-08-15,НДС,Уплата НДС
2021-08-28,Налог на прибыль,Уплата Налог на прибыль
2021-09-15,НДС,Уплата НДС
2021-09-28,Налог на прибыль,Уплата Налог на прибыль
2021-09-30,НДФЛ,Уплата НДФЛ
2021-10-15,НДС,Уплата НДС
2021-10-28,Налог на прибыль,Уплата Налог на прибыль
2021-11-15,НДС,Уплата НДС
2021-11-28,Налог на прибыль,Уплата Налог на прибыль
2021-12-15,НДС,Уплата НДС
2021-12-28,Налог на прибыль,Уплата Налог на прибыль
2021-12-31,НДФЛ,Уплата НДФЛ
2022-01-15,НДС,Уплата НДС
2022-01-28,Налог на прибыль,Уплата Налог на прибыль
2022-02-15,НДС,Уплата НДС
2022-02-28,Налог на прибыль,Уплата Налог на прибыль
2022-03-15,НДС,Уплата НДС
2022-03-28,Налог на прибыль,Уплата Налог на прибыль
2022-03-31,НДФЛ,Уплата НДФЛ
2022-04-15,НДС,Уплата НДС
2022-04-28,Налог на прибыль,Уплата Налог на прибыль
2022-05-15,НДС,Уплата НДС
2022-05-28,Налог на прибыль,Уплата Налог на прибыль
2022-06-15,НДС,Уплата НДС
2022-06-28,Налог на прибыль,Уплата Налог на прибыль
2022-07-15,НДС,Уплата НДС
2022-07-28,Налог на прибыль,Уплата Налог на прибыль
2022-08-15,НДС,Уплата НДС
2022-08-28,Налог на прибыль,Уплата Налог на прибыль
2022-09-15,НДС,Уплата НДС
2022-09-28,Налог на прибыль,Уплата Налог на прибыль
2022-09-30,НДФЛ,Уплата НДФЛ
2022-10-15,НДС,Уплата НДС
2022-10-28,Налог на прибыль,Уплата Налог на прибыль
2022-11-15,НДС,Уплата НДС
2022-11-28,Налог на прибыль,Уплата Налог на прибыль
2022-12-15,НДС,Уплата НДС
2022-12-28,Налог на прибыль,Уплата Налог на прибыль
2022-12-31,НДФЛ,Уплата НДФЛ
2023-01-15,НДС,Уплата НДС
2023-01-28,Налог на прибыль,Уплата Налог на прибыль
2023-02-15,НДС,Уплата НДС
2023-02-28,Налог на прибыль,Уплата Налог на прибыль
2023-03-15,НДС,Уплата НДС
2023-03-28,Налог на прибыль,Уплата Налог на прибыль
2023-03-31,НДФЛ,Уплата НДФЛ
2023-04-15,НДС,Уплата НДС
2023-04-28,Налог на прибыль,Уплата Налог на прибыль
2023-05-15,НДС,Уплата НДС
2023-05-28,Налог на прибыль,Уплата Налог на прибыль
2023-06-15,НДС,Уплата НДС
2023-06-28,Налог на прибыль,Уплата Налог на прибыль
2023-07-15,НДС,Уплата НДС
2023-07-28,Налог на прибыль,Уплата Налог на прибыль
2023-08-15,НДС,Уплата НДС
2023-08-28,Налог на прибыль,Уплата Налог на прибыль
2023-09-15,НДС,Уплата НДС
2023-09-28,Налог на прибыль,Уплата Налог на прибыль
2023-09-30,НДФЛ,Уплата НДФЛ
2023-10-15,НДС,Уплата НДС
2023-10-28,Налог на прибыль,Уплата Налог на прибыль
2023-11-15,НДС,Уплата НДС
2023-11-28,Налог на прибыль,Уплата Налог на прибыль
2023-12-15,НДС,Уплата НДС
2023-12-28,Налог на прибыль,Уплата Налог на прибыль
2023-12-31,НДФЛ,Уплата НДФЛ
2024-01-15,НДС,Уплата НДС
2024-01-28,Налог на прибыль,Уплата Налог на прибыль
2024-02-15,НДС,Уплата НДС
2024-02-28,Налог на прибыль,Уплата Налог на прибыль
2024-03-15,НДС,Уплата НДС
2024-03-28,Налог на прибыль,Уплата Налог на прибыль
2024-03-31,НДФЛ,Уплата НДФЛ
2024-04-15,НДС,Уплата НДС
2024-04-28,Налог на прибыль,Уплата Налог на прибыль
2024-05-15,НДС,Уплата НДС
2024-05-28,Налог на прибыль,Уплата Налог на прибыль
2024-06-15,НДС,Уплата НДС
2024-06-28,Налог на прибыль,Уплата Налог на прибыль
2024-07-15,НДС,Уплата НДС
2024-07-28,Налог на прибыль,Уплата Налог на прибыль
2024-08-15,НДС,Уплата НДС
2024-08-28,Налог на прибыль,Уплата Налог на прибыль
2024-09-15,НДС,Уплата НДС
2024-09-28,Налог на прибыль,Уплата Налог на прибыль
2024-09-30,НДФЛ,Уплата НДФЛ
2024-10-15,НДС,Уплата НДС
2024-10-28,Налог на прибыль,Уплата Налог на прибыль
2024-11-15,НДС,Уплата НДС
2024-11-28,Налог на прибыль,Уплата Налог на прибыль
2024-12-15,НДС,Уплата НДС
2024-12-28,Налог на прибыль,Уплата Налог на прибыль
2024-12-31,НДФЛ,Уплата НДФЛ
2025-01-15,НДС,Уплата НДС
2025-01-28,Налог на прибыль,Уплата Налог на прибыль
2025-02-15,НДС,Уплата НДС
2025-02-28,Налог на прибыль,Уплата Налог на прибыль
2025-03-15,НДС,Уплата НДС
2025-03-28,Налог на прибыль,Уплата Налог на прибыль
2025-03-31,НДФЛ,Уплата НДФЛ
2025-04-15,НДС,Уплата НДС
2025-04-28,Налог на прибыль,Уплата Налог на прибыль
2025-05-15,НДС,Уплата НДС
2025-05-28,Налог на прибыль,Уплата Налог на прибыль
2025-06-15,НДС,Уплата НДС
2025-06-28,Налог на прибыль,Уплата Налог на прибыль
2025-07-15,НДС,Уплата НДС
2025-07-28,Налог на прибыль,Уплата Налог на прибыль
2025-08-15,НДС,Уплата НДС
2025-08-28,Налог на прибыль,Уплата Налог на прибыль
2025-09-15,НДС,Уплата НДС
2025-09-28,Налог на прибыль,Уплата Налог на прибыль
2025-09-30,НДФЛ,Уплата НДФЛ
2025-10-15,НДС,Уплата НДС
2025-10-28,Налог на прибыль,Уплата Налог на прибыль
2025-11-15,НДС,Уплата НДС
2025-11-28,Налог на прибыль,Уплата Налог на прибыль
2025-12-15,НДС,Уплата НДС
2025-12-28,Налог на прибыль,Уплата Налог на прибыль
2025-12-31,НДФЛ,Уплата НДФЛ
2026-01-15,НДС,Уплата НДС
2026-01-28,Налог на прибыль,Уплата Налог на прибыль
2026-02-15,НДС,Уплата НДС
2026-02-28,Налог на прибыль,Уплата Налог на прибыль
2026-03-15,НДС,Уплата НДС
2026-03-28,Налог на прибыль,Уплата Налог на прибыль
2026-03-31,НДФЛ,Уплата НДФЛ
2026-04-15,НДС,Уплата НДС
2026-04-28,Налог на прибыль,Уплата Налог на прибыль
2026-05-15,НДС,Уплата НДС
2026-05-28,Налог на прибыль,Уплата Налог на прибыль
2026-06-15,НДС,Уплата НДС
2026-06-28,Налог на прибыль,Уплата Налог на прибыль
2026-07-15,НДС,Уплата НДС
2026-07-28,Налог на прибыль,Уплата Налог на прибыль
2026-08-15,НДС,Уплата НДС
2026-08-28,Налог на прибыль,Уплата Налог на прибыль
2026-09-15,НДС,Уплата НДС
2026-09-28,Налог на прибыль,Уплата Налог на прибыль
2026-09-30,НДФЛ,Уплата НДФЛ
2026-10-15,НДС,Уплата НДС
2026-10-28,Налог на прибыль,Уплата Налог на прибыль
2026-11-15,НДС,Уплата НДС
2026-11-28,Налог на прибыль,Уплата Налог на прибыль
2026-12-15,НДС,Уплата НДС
2026-12-28,Налог на прибыль,Уплата Налог на прибыль
2026-12-31,НДФЛ,Уплата НДФЛ
