Дата аукциона,Объем предложения,Совокупный объем спроса по номиналу,Объем размещения по номиналу,Доходность по средне-взвешенной цене
2014-01-01,106181.01782710437,256556.09588125412,91952.43980595678,11.986584841970366
2014-01-08,73402.79606636548,78187.97459139733,38833.14780257285,14.661761457749352
2014-01-15,140167.2517614813,280856.399780662,71526.26187791191,15.699098521619943
2014-01-22,174866.39612006326,203015.77446345458,103330.73643010881,7.834045098534338
2014-01-29,95636.33644393066,161824.89965452979,68472.98778603396,8.912291401980418
2014-02-05,141777.93420835692,147043.50474327686,91598.79948385332,9.663618432936918
2014-02-12,118410.49763255539,252782.6278460779,71026.9847710506,11.142344384136116
2014-02-19,138862.18532930638,122055.09815701516,111613.59557495495,7.705241236872915
2014-02-26,59757.73894779193,144201.7233433175,58730.86294994351,14.08397348116461
2014-03-05,95692.0653760056,92442.61104295414,80583.86844071453,10.401524937396013
2014-03-12,68305.73522671682,112144.40713252855,35327.33422242564,15.093204020787821
2014-03-19,88816.99724000254,171087.1056235453,58251.11951235699,11.200680211778108
2014-03-26,132006.54190149196,147088.62915050713,129999.02784676832,13.751328233611146
2014-04-02,190924.84123462837,443175.9816694661,152539.39988166123,15.218742350231167
2014-04-09,63273.87530778792,71700.11208482333,33067.7905734113,9.253303307632644
2014-04-16,108301.5934534223,136600.08005210347,99027.5931245982,9.567533266935893
2014-04-23,92140.17645310711,158719.13302892455,52562.47970439955,14.021969807540398
2014-04-30,61182.596551965624,151592.5962251115,54215.26835560439,7.987156815341724
2014-05-07,50828.31756854036,111125.15922050865,43378.34355864099,13.290071680409874
2014-05-14,165690.55200289187,153408.89027407512,112542.46821975561,7.158690595251297
2014-05-21,179465.51388133902,333735.2927801235,119425.1489769199,6.635583502860237
2014-05-28,96647.34825734932,130745.65841726083,83580.92533295097,12.375574713552131
2014-06-04,183081.91138644898,293437.34795171884,102488.72726182715,13.13244787222995
2014-06-11,164117.7572925346,287890.64913775347,145323.58090641355,10.937955963643908
2014-06-18,128409.92440729911,196058.80626818907,65836.99627550396,7.078914269933044
2014-06-25,54714.37785301014,102966.86179191741,35957.084890987,11.085706911647028
2014-07-02,186134.97108891394,227791.38004216962,131260.79230176745,13.555511385430487
2014-07-09,84319.72482374337,78490.35204231938,54375.74380035607,7.612212872540044
2014-07-16,189454.64785138596,411837.39356534724,154727.96674440664,14.714605901877178
2014-07-23,170550.81153486716,190534.09664480004,161388.73653504057,11.393422419156508
2014-07-30,171116.02327460938,397563.3041672894,112765.75664965075,7.100519245276768
2014-08-06,84190.27438129125,128481.36676024583,76529.58098612685,14.607305832563434
2014-08-13,51042.8195796786,85153.22577140904,36174.327051987195,8.221078104707303
2014-08-20,67979.80510005241,93400.56711646894,66039.3114994868,9.232029320207552
2014-08-27,127818.59326150491,255014.99502485787,87148.60875293332,15.717820827209607
2014-09-03,194367.0942413167,238688.60386872556,145507.92072372793,9.008783098167697
2014-09-10,92726.07415662015,79995.5084121693,74624.29089623541,11.026790232288615
2014-09-17,57721.8126874984,73520.21447498772,55074.28301385519,8.395618906669725
2014-09-24,71734.23081368346,117075.26402379358,71219.5539952326,8.420552715115004
2014-10-01,150820.33211088178,315931.3953429721,93330.45270891489,13.282163486118595
2014-10-08,105167.46990788798,197180.58342591545,85897.09335004368,11.357746840747584
2014-10-15,63543.46550816124,141067.39844603377,41963.47125119923,7.8651851039985425
2014-10-22,56116.27123321459,101262.8217251362,47069.32837015803,6.165878289278561
2014-10-29,126813.95874489215,150279.97101204796,104315.43718560155,7.743664290049915
2014-11-05,153640.6607153699,223923.59458921922,148780.23754839136,7.3752094414599325
2014-11-12,101159.95265753877,100442.22138822079,97350.9576526632,14.77339353380981
2014-11-19,88691.24415727334,170462.16580924692,80585.84892303174,11.552008115994623
2014-11-26,129447.58675340097,156780.30159605725,70749.75768296844,14.972157579533267
2014-12-03,185062.70857449956,347228.0666848711,123902.23999670938,9.492095746126608
2014-12-10,158893.35183053592,369440.93694565695,149922.74357269262,13.798755458576238
2014-12-17,146304.74692314316,137970.9272225432,84975.89751713435,14.985541885270793
2014-12-24,140964.3589489385,114975.46318426025,77634.11497030423,12.635017691080558
2014-12-31,50759.23757693281,54483.630008059794,39306.27317894098,12.918951976926932
2015-01-07,147794.18892539007,174583.04231769932,126525.06965698248,8.372490874968001
2015-01-14,98809.95472389016,204441.29307963682,81500.07603294747,14.49223410494178
2015-01-21,148641.9338450515,262520.17977100133,81282.9662437527,9.677158030594335
2015-01-28,89780.35515225882,109063.59474308713,88568.7941624149,9.930977246667604
2015-02-04,183806.98327656699,344258.65430684004,164949.42562733658,11.026370931051922
2015-02-11,136535.58269395385,223546.98968665267,81596.5988999342,13.224521152615054
2015-02-18,92115.85436612836,77500.4897312742,75787.04318664178,7.771106794070489
2015-02-25,191068.78765293714,462707.1905384887,182935.40877960093,9.701587002554444
2015-03-04,52318.49247933011,124420.78113325046,37360.22081141894,15.666548190436696
2015-03-11,194542.99656338792,437744.3237087012,125912.98318068737,9.850977286019253
2015-03-18,177670.50072752853,237859.47587309283,103892.18095046536,11.5680126245835
2015-03-25,190423.21612411714,377656.967981102,149488.04876000568,6.971764937707685
2015-04-01,142251.08400487545,353222.46398480464,81089.09351201323,11.183296523637367
2015-04-08,181605.9607891933,373982.3627659041,154094.08705891523,13.024840839871093
2015-04-15,103923.67268296327,135007.88078011287,94017.72824360862,14.101133946791808
2015-04-22,180060.84778701555,423594.7540451737,136066.79681768114,11.015162946871996
2015-04-29,169744.27684501628,323352.4390648802,144449.56839713972,13.95792669436101
2015-05-06,183500.80127263494,252238.69060260343,126210.28701320337,6.93981939840869
2015-05-13,136742.0211494261,117748.80949778424,100204.4175960129,11.426446347075766
2015-05-20,92981.18781924267,167776.79348579276,47908.56864367963,6.373481887492144
2015-05-27,173390.08409894875,244882.99280927939,97710.55853665729,11.222432600548043
2015-06-03,165499.03296479164,193120.11765696525,134293.40217790756,6.85347464993768
2015-06-10,57752.25817529116,98369.58731066559,44487.57864857397,12.374299014982066
2015-06-17,158913.70005839923,390760.60996374587,120480.44937419122,9.22956472941246
2015-06-24,169277.92921530554,213360.41189146196,121793.05114852816,6.784563813422659
2015-07-01,53802.611512318625,131090.18696222675,49390.262584129065,12.95974206093698
2015-07-08,111342.94166214048,121876.02225876082,64380.5510890325,8.502428981645954
2015-07-15,132383.99970591808,266729.01267971244,109891.78451558306,8.799338969459429
2015-07-22,193229.79209947912,396976.0689463323,150173.7552078804,12.117207462343522
2015-07-29,112940.00936416848,137915.86595722905,76571.78351221506,13.578461104643692
2015-08-05,52159.02329446338,52019.41908765591,27279.238085641424,6.407288023189701
2015-08-12,178319.0876016511,355963.8367775613,131436.66608454208,6.978341606510015
2015-08-19,123742.38126752485,198594.396458896,72587.3965450891,10.33851649237973
2015-08-26,109775.71015960601,202749.7172991114,89746.78335072924,6.453040097720445
2015-09-02,106191.89219397068,197937.63654186795,79810.44176199255,14.564898411883222
2015-09-09,148804.04474284174,160260.24881614977,79652.4798942308,12.424192782063155
2015-09-16,53976.696581243275,96932.34965066315,52363.609519573656,11.75474177875879
2015-09-23,108225.48893097829,204934.7004843674,78910.06602922836,11.45616789315935
2015-09-30,191219.72131647877,278487.52301287936,187509.15653145837,15.053506419560637
2015-10-07,79368.67021839447,72853.63034035132,43683.64308749418,6.1822182565154975
2015-10-14,64166.44411338926,125837.55241503929,34367.183273160124,9.189756302937614
2015-10-21,176731.2966454182,148376.93225900485,148376.93225900485,8.818547747734
2015-10-28,67724.72414324844,134396.54426647993,55159.85247164273,14.77472013527053
2015-11-04,160260.65657058285,347111.37371367787,102729.85117323206,7.774395437797228
2015-11-11,162592.21274612876,353088.3476793506,161820.31776021834,10.126176769114265
2015-11-18,105802.71286891747,224291.38613538968,70930.32599150903,15.307573256035647
2015-11-25,178761.91277645176,273378.7781566555,156494.5305516783,13.545428740846823
2015-12-02,65468.58032538989,152825.921957383,49273.367927793115,14.264574661077416
2015-12-09,98007.44015459176,227611.4488042833,68076.05019559845,6.108376514802984
2015-12-16,185807.29646288956,177480.7792187239,122569.05009364772,15.50061967050805
2015-12-23,192591.07204063341,341819.18759055354,157138.6390437901,10.484455219783198
2015-12-30,93981.61575470968,127695.61512952579,78592.99344084626,13.5237452943768
2016-01-06,168736.85655887728,361493.5468520217,92063.34384314917,10.944203047025814
2016-01-13,58633.81400249664,101682.70746978594,42261.215648226156,14.877041827582998
2016-01-20,102637.2518828118,102536.04415507351,58656.76258540783,13.615106317174723
2016-01-27,142732.70949743915,138723.14064083569,77368.75091070426,13.0096913145912
2016-02-03,60914.45095462903,133838.92302816178,51967.404231420696,6.813487806418998
2016-02-10,62725.65711277879,155389.4727116573,43101.01935735202,9.706421470668909
2016-02-17,171919.93508862538,414382.501763164,170716.58698918446,13.533781852589417
2016-02-24,106438.93782963736,100260.2871725235,94578.81504926611,11.58404249735805
2016-03-02,113633.30138704645,265993.11081803736,63134.51920371105,10.926251042908591
2016-03-09,51703.04671511286,82555.44858523736,27307.048803952388,7.188179162680719
2016-03-16,67628.93701656573,128742.33408818448,59041.579583969215,11.833687650971596
2016-03-23,194325.8822711813,279300.70119281486,124923.56775672188,14.685991281894603
2016-03-30,83539.3757779179,203625.4170784866,42277.376503206826,15.69878826707639
2016-04-06,56473.98679258642,130734.07697066077,43137.686128779664,15.929647961193004
2016-04-13,61069.48471030983,106355.70054832415,60132.14554448247,11.230978441701488
2016-04-20,144409.79572028937,286331.81085940864,105024.98901494316,12.275580800840634
2016-04-27,137647.14678846503,320988.8266451843,71951.35568716505,8.809631895922303
2016-05-04,192561.7226114838,445481.6153570964,140151.88592372785,12.201325978015367
2016-05-11,91607.1774471699,102582.26434038531,67042.63975523824,9.533522280260527
2016-05-18,137548.4167776308,128215.6030357445,128215.6030357445,15.86210744479603
2016-05-25,154724.25710296177,264789.49611329456,101307.84379285722,14.137950197069486
2016-06-01,152709.6758830819,164384.14687724266,145908.53549011247,14.22537242923169
2016-06-08,192469.9869937886,391430.6709741296,155267.00088867117,10.182430362906189
2016-06-15,189909.272503102,431532.4754360717,99248.35862326309,6.26366974497252
2016-06-22,106469.50503170743,231884.26430661004,105792.15292474478,7.504168911035282
2016-06-29,139119.60730282028,201377.64272181856,137026.85872206965,14.421189231357086
2016-07-06,175749.30570667068,280632.6901851704,124326.772618051,8.734070719307063
2016-07-13,58456.32449763907,132697.49570356065,52987.76483590258,15.997176732861305
2016-07-20,199495.52556108581,347966.8584870956,176452.53705119132,15.44765729882428
2016-07-27,177447.10860161172,216572.73618441648,128697.43135490057,7.29159415151495
2016-08-03,193107.65408880837,353482.9580368624,118630.16494193288,12.717006844058567
2016-08-10,142719.23606868437,201073.79501502955,79463.0444386073,12.715731955927996
2016-08-17,128046.15513556899,270554.0051322544,97325.545747408,14.5218150031854
2016-08-24,132786.02581617283,232852.85140120628,124596.68686530238,10.03482866212397
2016-08-31,70102.28426759611,59511.97072080672,59511.97072080672,12.203095513534647
2016-09-07,155611.96521488353,180827.18404956732,88416.49926509714,6.1454466566788195
2016-09-14,102588.13382098955,184952.04988089154,71413.85920508357,10.374749220237291
2016-09-21,185623.80417406227,258394.70118182534,140516.24422869465,13.83653012741143
2016-09-28,109481.41734819053,203366.9210910435,101947.10922571318,15.495206236576422
2016-10-05,72061.02213935569,171159.26504187085,53761.71261504897,8.582443882989583
2016-10-12,118870.3634357392,293140.8990337731,88714.02765184638,9.287516102875083
2016-10-19,145010.12814750886,175208.1323382577,78005.53953912135,7.288797219106492
2016-10-26,69206.87584366587,73237.10912031314,39407.33537247038,12.408747448032146
2016-11-02,77282.01265987172,107239.17784999241,73293.81295372717,10.739616402628723
2016-11-09,150133.66077815407,164087.65087266843,89501.35754966957,6.408686162664789
2016-11-16,75340.25946082469,95953.62389276944,44338.13763676051,6.887025337570556
2016-11-23,68095.38066509012,107817.04407175763,41072.87688198804,9.642698610480755
2016-11-30,125512.59062822853,247720.5864485088,65223.37957141203,13.994103989090426
2016-12-07,144185.05842363616,135388.3790958626,135071.02168905575,15.208724005318132
2016-12-14,59161.69397822956,75176.29135404818,53428.96368910184,13.482596903836583
2016-12-21,77678.1529034566,89787.69919501836,53227.87077527533,10.845229851910213
2016-12-28,142738.2157295444,203709.2995234542,104379.79791168062,13.474709381337565
2017-01-04,55502.480433589684,68220.47450595936,47547.57593322818,14.952068376871994
2017-01-11,126751.61631734992,216059.90840066303,70167.92098932395,10.474123668234547
2017-01-18,129892.58996825348,157455.77887823991,82432.64528384458,9.772841631046226
2017-01-25,53010.67966665896,71433.72403918611,32109.84111585312,9.274973521779147
2017-02-01,67964.31977288768,157262.39330527696,54153.71355050401,12.791023191444896
2017-02-08,168375.68579110075,277373.9786551179,91505.47445349039,11.371065418185477
2017-02-15,138026.16770313188,285334.1957522168,98803.24031084371,7.275803027955638
2017-02-22,92566.38586980867,131188.77581243185,76178.305235436,11.70778304668912
2017-03-01,103414.50888467694,256165.59004173207,83030.20716158664,8.372267917359945
2017-03-08,65267.370893060564,69174.31073806265,40660.19258777345,7.6068137325955565
2017-03-15,77985.05360769587,100184.41830976079,45752.801365458145,14.967654246264251
2017-03-22,62035.06184924633,104942.81351685937,43747.02719714222,15.823786169086064
2017-03-29,66805.83532520785,98629.09683637125,65786.05872163002,14.655071258939802
2017-04-05,172560.810642392,213705.31404704062,101024.6556255722,12.68643219924431
2017-04-12,189406.39836913787,330797.6910246054,148836.749571864,8.799790936602841
2017-04-19,165423.93997879053,184939.72550217158,109484.11727705343,10.254364386164168
2017-04-26,126141.55680266826,152895.7451947606,70313.62632677329,12.106200424416325
2017-05-03,93294.58298603837,166820.50811021842,53847.89406806883,10.811401018548175
2017-05-10,129888.41488273788,115353.9028937101,86804.70551004719,7.344146769389742
2017-05-17,59506.24557091516,147749.98483659388,39344.15631535487,14.09874445854635
2017-05-24,88196.09821456458,172736.8763103348,77622.61460542181,11.956387406078443
2017-05-31,120736.42828252376,181120.2843170952,81428.76836302024,15.29529144247826
2017-06-07,174592.91116815936,426101.9870056263,98147.16263330996,13.308674752036442
2017-06-14,190751.06852315567,211370.5365573312,101717.65128808496,13.41120649290059
2017-06-21,136170.9669769868,303812.25913397677,77601.9533294301,13.952673118598902
2017-06-28,80244.09800716168,86520.39838763843,46712.729397780444,14.14574720231382
2017-07-05,149779.58310443003,253009.35262258654,101762.53171080451,14.772005408131083
2017-07-12,108866.76611339531,238224.33120569546,78336.98174846824,9.769444294249077
2017-07-19,119401.96785044097,156696.2633913807,104333.9995134669,11.02720390092479
2017-07-26,84831.9042720226,197596.98436309348,58699.063807212355,11.435528611139887
2017-08-02,185970.81664468205,346129.7381130458,103855.22036968991,15.398321236134752
2017-08-09,144156.20796071267,197398.7962058894,82116.57091534771,13.94025189270296
2017-08-16,143010.91338927703,244103.0193474189,135423.65408164734,13.885972112245307
2017-08-23,72751.23195991268,96753.86515199998,45414.561505037025,13.439462925726769
2017-08-30,55029.86521036691,97337.51149181346,48493.9319575753,14.767656367617494
2017-09-06,101312.26230738612,222495.65014964828,56260.30693065691,14.464522917345182
2017-09-13,69123.29934979737,101983.71361240403,62117.492794391816,7.499174273487737
2017-09-20,84387.70928489622,171123.87504001727,72574.97160272495,12.411476328852974
2017-09-27,154092.266670065,265444.20074560866,96446.27720121329,9.456959935039194
2017-10-04,77239.65752021385,181078.0234096454,61150.31997402594,10.008514167636399
2017-10-11,119300.8705466199,287560.63245629414,68797.91321895696,11.862298320167973
2017-10-18,125883.3018326699,231558.834195479,64081.53578441694,14.721239089441514
2017-10-25,189817.74237254186,334217.112480842,161027.21449141242,15.224993811772958
2017-11-01,156085.7951470098,165344.2383848096,123018.1110388066,12.06715046382856
2017-11-08,113619.6006953579,233142.33053262075,109891.00390816347,15.255685129067764
2017-11-15,117625.90571061982,116744.26166345905,116734.37185984857,14.388980864459342
2017-11-22,68699.40218049003,162503.70936996178,64230.38110657067,11.188380571260721
2017-11-29,138691.3153617394,205028.00900487773,73143.13954066571,9.35197241645901
2017-12-06,170428.0172897017,137684.43887617643,113632.80994439061,9.981686935909433
2017-12-13,130609.34044068844,308728.4224651178,87922.68116455051,9.469532018962276
2017-12-20,160625.18721646225,251984.05518388597,98351.1894754586,10.524395161326934
2017-12-27,71128.55305696998,78231.29936362979,53288.36581107701,10.189254495045478
2018-01-03,187226.885160215,265126.3057137151,147964.31677154047,12.322642879195303
2018-01-10,51964.16848825005,100187.62004673594,30607.829733819155,15.610703174694551
2018-01-17,72299.40916296694,108800.56191967397,39235.069868654115,15.968742518459473
2018-01-24,125329.25154968639,227115.97086759997,66867.94812868374,13.499604703991778
2018-01-31,81485.83896433786,189592.47342948834,49100.90733692843,7.906877206636666
2018-02-07,55482.45017721423,88911.39243780934,43410.610105749285,6.657086394283524
2018-02-14,166329.1425042516,261235.0574270657,126775.26316954078,10.407627469382282
2018-02-21,110114.45913129889,192853.20436815018,63604.32742368456,7.819281304952711
2018-02-28,179267.8431520276,431748.0075797384,123095.09955502852,8.707446731435537
2018-03-07,146599.93148585237,219144.6277028248,75160.7847431672,7.561525973661904
2018-03-14,157395.83432710962,302226.86957328324,80830.31533705826,8.219721619329494
2018-03-21,84661.21948821071,164430.51595576023,43164.9688256318,7.041085819845739
2018-03-28,169987.4128059784,187585.5170387704,140473.01744944535,8.381827810467264
2018-04-04,64916.20891390178,78768.85561117345,55901.5199769233,14.556964681062858
2018-04-11,174532.97968504875,257473.14608846634,145567.9346270082,8.04984295415821
2018-04-18,93972.159539152,218369.76894715076,47596.98918480936,6.85508530854468
2018-04-25,81182.9382719041,68608.08647534328,47956.199999567594,11.83041560969692
2018-05-02,113213.6825888747,262377.4540527914,102879.73926092488,9.41817351697876
2018-05-09,88913.51501469387,128522.44929048255,70699.35662454103,8.680636408228763
2018-05-16,143622.3361773701,214858.98744999894,111454.32098573132,10.361265291353167
2018-05-23,94169.86393128765,227172.61321010045,83039.25883222758,7.401131757664525
2018-05-30,180270.19638468692,293593.9974229368,170765.6510016219,13.998552559473152
2018-06-06,113782.02567038502,95371.84634363619,72176.3399364871,11.416342146608669
2018-06-13,145021.7329739221,179596.22877120404,82615.69616820266,14.34930236799299
2018-06-20,197660.3271055328,334772.02044762357,115797.25545177636,8.72307326519369
2018-06-27,52758.60148212001,124209.99601623161,29485.491969204522,11.765164755142536
2018-07-04,91108.2831030809,158719.97726506967,75229.03813208074,14.297418037072017
2018-07-11,80963.19076409048,66283.99014585826,46022.94407210702,15.00018641848105
2018-07-18,181083.5116343773,328775.6354510588,144913.60675867726,12.650366745462556
2018-07-25,76305.69179351744,179661.77483551684,54130.133199070755,9.831385282494974
2018-08-01,127837.65579242563,112476.95709467209,74547.46592573514,13.380336164263705
2018-08-08,62419.80018876897,113938.51821677016,38867.22129578469,9.892956140419766
2018-08-15,93304.06051560499,131058.95313583588,80196.9815832069,8.97121715623175
2018-08-22,134960.6960445346,217190.3160118486,112265.1092332825,15.36829739324758
2018-08-29,159885.81458153753,186330.71144489027,82435.77776600857,8.62264044299825
2018-09-05,139261.68960503823,123584.14933175204,104193.24592659726,11.968428489168891
2018-09-12,100136.58362254412,211343.34130329185,55405.484255745585,6.751377817358088
2018-09-19,159228.3134305405,261506.26996271813,134420.73298763562,10.348273386037462
2018-09-26,86960.30498586602,190658.20249997565,78238.87681577631,12.946964708544268
2018-10-03,90821.7705844944,163787.26663873505,61803.02951968621,6.915820733266342
2018-10-10,187597.03631933642,193711.13750070182,182929.37384802382,10.460057729579557
2018-10-17,77769.93932579295,133860.07791758224,72829.44200830242,13.322248864095611
2018-10-24,170984.17217921745,328277.9363675727,144676.25374118754,14.491956515653193
2018-10-31,87450.2013288779,142720.69079325366,53397.505775925405,15.87668007996647
2018-11-07,191608.900952992,166129.8183528742,163401.69214922038,15.252483174156659
2018-11-14,77086.30176910003,136096.39704747187,73828.95447152574,6.339459785857988
2018-11-21,154613.040087026,201846.28986406108,148768.37304953588,15.710582451653679
2018-11-28,191639.97336701507,307805.2584394557,178420.9020219191,14.445493985350703
2018-12-05,97865.07098648834,216199.23871243364,50743.41289248103,11.96269878482053
2018-12-12,84501.32559315546,84920.76531491603,45501.9865697305,12.962887758781397
2018-12-19,100981.24456520993,205204.34168658988,53790.504599657565,9.152903378306103
2018-12-26,130923.69385630058,280730.43093442515,86327.97448305423,12.25891376437009
2019-01-02,182896.66223542808,337804.1763591043,112752.0863019931,6.24400781556538
2019-01-09,180514.83108513948,150938.91984990632,150938.91984990632,11.289371340272119
2019-01-16,190860.15477693442,411863.1402436174,190663.00678525478,9.507118154517102
2019-01-23,165078.24333966905,244857.6782480226,122147.63388048617,12.2750546321837
2019-01-30,181051.5671279508,447730.00598387356,160074.33634543128,10.177667821673337
2019-02-06,113203.55034156052,232507.63012848407,70116.98549147834,7.104741131313947
2019-02-13,103193.32364611648,132944.60750711765,66885.17170965197,8.336077510499099
2019-02-20,56313.97844545428,46762.3217943954,46762.3217943954,10.277731337358624
2019-02-27,107648.99707395225,210496.8898472698,65571.90460505862,15.499611839502254
2019-03-06,167951.75216233282,159889.8503814547,119042.5875623589,14.791183075621646
2019-03-13,191709.80334371154,305697.1107422216,154653.3900690446,7.6703394609207525
2019-03-20,198675.29392054648,237186.888857666,192986.40311754038,12.496466489923684
2019-03-27,141160.51923182886,235959.75529824515,86860.99481250792,7.765280320055083
2019-04-03,83072.9313605263,92787.89911036634,73917.64941143461,9.501252591667301
2019-04-10,58676.40148450946,143608.9946975293,55266.888448482954,15.27752283195213
2019-04-17,199236.17339696529,218287.51956245606,139090.9584911095,13.582384757040913
2019-04-24,154403.09270806884,163917.88078622945,140185.12517015435,8.244405718366608
2019-05-01,83572.64222339346,143147.9450356083,66563.09962894066,11.800862078378112
2019-05-08,63723.02560966323,146033.00422321455,40323.93196273549,7.295149212828042
2019-05-15,183312.2119803466,444460.1726230855,170675.366255311,14.09516074724878
2019-05-22,148286.29709585325,257492.85719318115,80592.62080974114,10.084532130706988
2019-05-29,105903.2775518471,131487.5430378886,91257.91931919905,10.958757350787709
2019-06-05,62156.93238614719,72991.59698238944,52313.10058058961,6.761308594903002
2019-06-12,177681.0371073153,291707.6820337303,131536.07929328454,11.924077846595177
2019-06-19,173702.14488877237,241667.5651329669,145737.5024287574,11.65731963995791
2019-06-26,90054.2405254132,206554.79783124602,80932.91763821342,12.584518346584256
2019-07-03,177587.2593641363,403904.48784977064,151691.7495169904,14.37013328363672
2019-07-10,154620.71925039255,302475.12944617507,125135.42774325048,13.527166395576412
2019-07-17,73790.76579396105,169532.83004272336,69062.38367939513,6.2924728303455915
2019-07-24,173872.5125847144,177189.78707968554,116070.23489463105,13.435082562916078
2019-07-31,74113.98440724623,162349.93948684,67893.38194857148,11.074677337608362
2019-08-07,50957.88075752504,65631.95804344269,41197.584550111744,15.811861780274235
2019-08-14,144772.02905250026,179758.51893779926,118279.16056054403,11.399853797158555
2019-08-21,166976.80927267153,163949.03315110912,147025.41009996698,11.412665786761103
2019-08-28,194448.8005788492,268569.31594685605,158730.68445933313,15.320281055100175
2019-09-04,65376.459198601886,156464.72328336956,55173.9960279509,6.678370591051719
2019-09-11,95144.53504202244,190659.42501023642,50776.28835178464,11.821704601762733
2019-09-18,101882.45854294351,189048.6459803008,53271.384703258394,14.715368061523762
2019-09-25,196023.34537660953,479687.2296737945,171486.30265128042,7.30086240130632
2019-10-02,163739.4793893534,137835.526642764,83680.98909947746,9.236102191495412
2019-10-09,123296.47856069986,260117.6696922225,103772.1961565446,10.459027063767483
2019-10-16,91043.99994224988,227164.94494291669,64922.625199204886,10.513870243296754
2019-10-23,74543.57317875038,160356.36293569717,63126.562469545606,8.207696127887605
2019-10-30,62357.156842376404,122023.52838192208,51585.307643199696,8.732595269982093
2019-11-06,192629.53433756155,203570.5867680558,137954.99287016015,15.436159201675988
2019-11-13,112959.09753891834,212983.71319677477,78935.50095966258,8.7421520234867
2019-11-20,197596.64719397423,295578.4640467397,187133.82604988673,8.299546058910861
2019-11-27,81965.7056037625,69910.8405053335,67690.0183821304,9.685263437237612
2019-12-04,179653.73747594556,288246.66817198537,176796.6527002364,7.855255157031212
2019-12-11,180293.4751933416,382260.86735853285,159642.82683333958,14.447832281168877
2019-12-18,164153.59864144982,306076.62178810494,92848.95880813533,6.325261794912519
2019-12-25,188127.17717235303,347716.5027923736,168988.74461810713,10.815223515125501
2020-01-01,67596.22834435917,68462.53124731561,56968.92802242745,10.303058948994627
2020-01-08,80078.7090050505,130985.60352090168,42610.23889630689,11.819714019143987
2020-01-15,90349.01066526465,194778.95720461366,59194.953301071524,10.552201490818012
2020-01-22,51743.08098621509,47767.127598972336,36025.95343096688,10.799388347171234
2020-01-29,140003.08221789557,181419.68775208388,118651.34418060903,14.601223971892045
2020-02-05,166977.64833400247,144828.3977541232,123605.78419763266,7.049301784181749
2020-02-12,86306.75237937912,213809.99690597953,49302.539957872614,10.98888153451356
2020-02-19,142723.36014771787,284617.561787782,111299.15037860844,6.097708474191837
2020-02-26,98969.19623659879,166279.11587707206,53832.636516543374,9.506269312091808
2020-03-04,54980.46631870499,51328.853162514315,38401.74656850844,7.327157540430603
2020-03-11,135131.12723923373,266490.80519290676,121657.65517129067,8.001502442448102
2020-03-18,75122.38733886047,73452.06573922955,61466.27352962259,13.064757264869012
2020-03-25,54737.9217238463,130909.06888712583,28791.360890124208,11.412963353010705
2020-04-01,156359.07791763745,356599.94177634997,134006.5260894492,14.017280830697919
2020-04-08,100917.5288814209,220525.25591983195,54501.26060263848,14.948166560605276
2020-04-15,132138.85642306044,289305.6326943828,95953.83863927455,12.43577695196525
2020-04-22,128960.39914041698,263556.649757608,69743.71710245345,6.603520839905638
2020-04-29,87065.48510152196,93266.80752923478,81483.8721152035,8.192139873580443
2020-05-06,196379.7883728697,269575.0219942203,116072.0330573623,13.89698507142479
2020-05-13,148806.16632513143,245073.74395659464,115723.84362843611,13.192017782722639
2020-05-20,84268.21119969481,210145.33962802636,83206.14363174913,12.50325686346937
2020-05-27,79931.36763937178,156376.76944307817,42851.142605232,6.306525022058061
2020-06-03,88652.43327668206,140643.4529891548,82813.45181418804,13.27169069766308
2020-06-10,161405.97817999715,245875.9678986202,108620.97701936487,9.710387629846027
2020-06-17,198147.43456040867,172028.75439547576,172028.75439547576,11.786754085723935
2020-06-24,115792.31287843856,235398.59558761638,86072.41760605313,14.734232380816605
2020-07-01,185105.2796016888,280790.9328221014,118173.78320520133,11.923503285933622
2020-07-08,186854.50184250364,216401.0047263017,151629.30623939232,12.315602200925206
2020-07-15,159966.95336229214,163752.5816660868,137237.6460515781,15.09032520665641
2020-07-22,76952.46633053629,92637.19907695122,75851.85729921184,7.809769527094898
2020-07-29,178157.76400543688,291621.5189004408,111101.94970688436,14.707499012725114
2020-08-05,116795.78825039983,195655.07831756538,79376.36639764626,11.929508514349275
2020-08-12,74528.58088775341,109172.34300490074,73388.75278325188,8.581334327011275
2020-08-19,148510.49968119382,200908.43592488227,131689.69003344286,7.308736607183498
2020-08-26,195473.15676178172,307174.77148098534,120807.34299359814,6.734967473300126
2020-09-02,75463.68576313111,127051.84707738333,50447.59378525936,14.288833658826094
2020-09-09,114633.12854927088,140175.0246480962,92689.19456609436,13.067772168854457
2020-09-16,75056.28618514248,81432.51792348493,38904.35364994201,13.364020150656405
2020-09-23,149570.67914327077,240341.0094426672,137916.91325413669,14.056701529500533
2020-09-30,137803.15465951283,313648.41037107934,83084.36138075545,7.119196193977279
2020-10-07,90462.44172754844,81149.12124909936,69256.6671008956,15.366056922949614
2020-10-14,55901.53110027645,56325.64784488328,40590.07457168885,15.33875017527905
2020-10-21,97423.41574651258,161946.8635987285,50736.79283877504,7.483432009620889
2020-10-28,197994.51844382702,483245.57437644276,99486.30379502857,15.51811785423239
2020-11-04,145867.99067232505,331916.93860981765,106099.98984612963,11.155960285792503
2020-11-11,123326.98703853803,238473.60103048,70274.8777618927,6.299735898726779
2020-11-18,96189.49123867863,192182.49588159038,57802.836051578,12.734324333249173
2020-11-25,195486.80691609057,187595.2423974473,163485.82366645968,10.437502193045711
2020-12-02,180221.3381566258,198451.56310953372,152523.6570544162,14.381152896481103
2020-12-09,191692.13292110348,376008.2684937499,143498.3119342126,12.178472402012138
2020-12-16,180335.74767180774,319200.86812863423,92907.81040089234,15.309486955069778
2020-12-23,153429.01265473416,299197.7375305615,93259.91917063762,12.588854702326572
2020-12-30,109079.66084812378,208025.3915354589,60353.396221446594,12.57845304603036
2021-01-06,199912.05886559997,176314.53260870752,176314.53260870752,10.069079607228707
2021-01-13,180613.01755058888,384715.71941849403,141511.7677238216,13.384492092513264
2021-01-20,181777.3341952022,270309.9028840395,120612.2752487983,12.675933855635847
2021-01-27,171176.89129118877,358767.0324354791,153872.07576624496,10.35583314812933
2021-02-03,172675.13242625323,173427.20068442545,133347.42976064706,6.057586604981216
2021-02-10,98687.87448504055,140431.32651490494,68892.65767448771,12.954672066898622
2021-02-17,108283.71519055185,169223.5333002291,67002.93810166736,9.7325179162934
2021-02-24,84090.44408947272,77735.98742146512,67417.35214604023,12.682127985550162
2021-03-03,142923.55190144217,226954.00706389244,98601.942283159,14.633336495718252
2021-03-10,127862.2677704327,206447.59284833953,65570.46022738113,9.412478276261563
2021-03-17,107029.34281787855,158189.2324926327,84562.40510868577,11.336025467268785
2021-03-24,141185.7639190167,296532.67803769384,127983.88824745723,13.181230762264944
2021-03-31,193328.5543932402,160655.13756244176,115589.0146737303,6.075628749781421
2021-04-07,147121.20712319046,342299.8409700922,91471.30825431114,15.270345447963066
2021-04-14,59040.10854343413,141019.7343988852,39899.97508219807,7.014208284492165
2021-04-21,122880.76387794885,151944.54244103067,78943.08183957898,9.072899649262865
2021-04-28,170453.8846748995,292596.73566839786,111758.74566262262,12.103337833109183
2021-05-05,157422.60113347904,198897.2857624935,111262.28819600653,7.218860933369475
2021-05-12,77172.40243020204,151095.87386274972,45587.21780741994,11.251633836670601
2021-05-19,156356.9392583649,153494.16397984978,122530.07076170477,8.565627837013638
2021-05-26,194439.03128563697,315385.4751505449,175577.72094367963,11.502265421562617
2021-06-02,56511.87992822287,106036.4806163078,55138.735683157705,12.016118201463312
2021-06-09,172878.32891401852,398164.8939889149,106154.1893738202,8.120448399082267
2021-06-16,141647.14832764876,212293.4367324336,130305.55343473172,15.000231233980111
2021-06-23,103013.20689540771,123891.91854474379,91708.82164218416,8.74806035548136
2021-06-30,173392.14777705175,263617.6242439168,144570.02928177718,6.955353138346682
2021-07-07,143578.89870148594,225132.43879061946,113901.74790659583,7.680142077448634
2021-07-14,160531.06174162732,363884.59196680086,97662.26598593379,6.957145555201617
2021-07-21,53545.787906950456,101273.90899413155,43026.55820146742,11.4669741271407
2021-07-28,84792.06441739631,124181.3863900607,67599.47006255998,10.967668588591694
2021-08-04,198167.82803223308,204498.81044220578,167961.55723814,10.043187681042921
2021-08-11,114229.94223884221,230734.91103822846,96663.44190435558,15.912559937021882
2021-08-18,69259.14341811878,67665.2414689387,59713.11471847438,11.78386917006409
2021-08-25,91124.09998397088,85202.21147188441,49464.81544232398,14.941908746641182
2021-09-01,78780.09870781144,106331.993056941,48318.05622400548,9.549963058319372
2021-09-08,60413.57641191401,101639.90030819234,32249.146594448837,14.003565078223616
2021-09-15,85056.81228656495,146129.32631939344,79956.76701730564,12.508773690471942
2021-09-22,129943.6679827003,175601.6341878529,86607.57900536939,12.6948695519819
2021-09-29,199120.90418317512,383332.95378787635,155093.6212941379,13.30650510239246
2021-10-06,119780.84184255773,108071.30420012567,93566.61390690172,15.576252845053801
2021-10-13,76295.44135364894,150531.54014119552,45812.88290635417,11.358276844730813
2021-10-20,64501.46744700794,100985.47064063724,56637.55589518291,9.475715242389821
2021-10-27,149736.75867308272,322273.1749244503,144284.68003775628,8.346420818554535
2021-11-03,109897.38737139622,116393.1167166975,109484.36563390758,15.270009679242953
2021-11-10,130993.56954208393,292306.4653698683,99617.85728318628,12.235856880027598
2021-11-17,63368.664817402496,132057.74466295546,35730.84887727326,14.260676302525283
2021-11-24,167304.2131505579,335422.526287328,86676.99858073899,9.031283559453286
2021-12-01,89466.88548662643,126347.98902489418,48654.00453754009,15.369578230310628
2021-12-08,133070.33610685644,175571.84748921913,92948.40000607056,10.472025405048356
2021-12-15,140089.1500040926,234881.17759429288,134442.9950261429,10.969634829058302
2021-12-22,198823.7022234969,446840.8476282169,120140.267320274,15.305952146439163
2021-12-29,67454.95968282141,147703.73086556979,46564.944299313414,14.779743204450694
2022-01-05,180208.50351611755,391065.64032429614,161289.35308759924,9.046791390980408
2022-01-12,62137.89245768783,92278.89028432227,36460.17005434597,12.949510889024618
2022-01-19,101914.95898066783,250561.73230752512,83619.8009755354,14.224805636343609
2022-01-26,69878.70091127726,158304.92944848258,67179.88732044662,10.870619188189359
2022-02-02,140937.9406626466,295994.5737045081,82789.66836850661,11.025660764634424
2022-02-09,109799.45416584697,115161.59688661214,75077.26656030852,6.681723093854936
2022-02-16,53871.786042423046,55476.232830083165,52878.25863408971,11.49529535895017
2022-02-23,194873.324172983,299178.5680599102,127818.9852790364,11.061418628402441
2022-03-02,115926.75329493651,113565.32106942675,95107.8336914657,8.160381825095996
2022-03-09,142938.19323467443,272346.12254496576,82334.17553382507,6.613496271106682
2022-03-16,167114.23791026598,264318.02592355915,88417.11813506605,15.948663171697671
2022-03-23,58667.084149455,116252.34075864077,58188.32921696457,8.391801042159257
2022-03-30,71337.40530307943,71790.7114986184,46486.133711730115,7.010458110106467
2022-04-06,153824.20125411978,139348.73735976344,116092.82660896752,15.966968538529768
2022-04-13,172095.54042590281,317666.5192356287,112400.21140128214,12.238958362916385
2022-04-20,129056.21958674774,196725.78395055275,72962.60333479872,14.866042152404667
2022-04-27,117467.69732319837,132839.3169869905,80333.77071991387,10.14129752528927
2022-05-04,174130.68433503114,356470.66348082566,154045.135963543,6.110312644286472
2022-05-11,112423.09972696422,181932.62243746265,57290.37748911512,8.598132087450342
2022-05-18,164043.47346832024,169471.0978104634,125928.80340729324,8.152018720172375
2022-05-25,51818.11619658399,62702.121723620585,51193.027910854944,14.015371118829895
2022-06-01,193936.496648155,315990.79438153753,107609.17528757798,11.47959488973693
2022-06-08,118156.60018399413,264128.0959514357,64872.852233366204,10.882411370217781
2022-06-15,72507.29970409763,98026.17681740767,62985.53515159617,10.760181293687666
2022-06-22,106383.24277186539,156448.22592595103,77630.33993797425,13.850165438370569
2022-06-29,183812.70334103517,445574.66991979873,164227.77101841787,9.154068957480128
2022-07-06,153220.20591298133,236560.5540494679,96120.44553143215,14.408715794259226
2022-07-13,55763.95234434875,130097.04355963306,40748.87984483666,12.372014768082805
2022-07-20,148903.0883308674,345708.32388331206,121852.58512609817,12.139335847600618
2022-07-27,59997.8060841035,100873.92962157325,34503.80833748397,13.374337687214856
2022-08-03,126833.28812190118,248135.02454257285,66059.39956543937,6.847920160458032
2022-08-10,157448.50820940232,145253.0775535578,84333.8868479629,6.1210847523488745
2022-08-17,193475.20974492203,397352.4615053777,130910.300048774,8.965355812876552
2022-08-24,102455.48446187744,216889.14237586444,85108.26541397233,7.851955678674679
2022-08-31,76116.40030011265,73625.30876442697,63188.1332160764,13.64372662221736
2022-09-07,89756.9642487506,75001.4968003538,48566.22183434625,15.678600348450304
2022-09-14,94316.71662161304,198789.39610812892,76616.46671454304,9.819396396528958
2022-09-21,80853.08932933326,81367.06521184409,65289.39388643906,13.74633780637788
2022-09-28,146585.6380311696,249417.46056268658,76367.54244204209,15.684887775943839
2022-10-05,169807.1287481862,220375.26078540657,168106.53831751348,12.018815896363222
2022-10-12,137363.39873108699,284579.10550908797,124435.42790518126,12.564786073315027
2022-10-19,69214.36195493,95173.53787968494,66725.53948045314,8.246156118438519
2022-10-26,105825.053575627,162391.79364731268,76162.55507572011,12.129395824945256
2022-11-02,191461.37566170614,231510.80865200155,107362.09815653527,7.974704898599374
2022-11-09,183038.73503139042,347385.2581957177,117685.37603530631,14.159469389686173
2022-11-16,179205.4994545154,401254.4418262925,171941.09393869917,8.522410201733615
2022-11-23,163256.28931194174,258421.17944071084,150358.92433139894,13.284906771616132
2022-11-30,166467.11697495868,318863.6215391569,98001.58634849769,11.450269188969383
2022-12-07,197700.46092867624,473207.85852932674,103117.96419787916,7.648148157294371
2022-12-14,69759.31601818428,141902.01815252667,63403.730639354995,8.135113663106718
2022-12-21,125877.90394277436,280606.4126616882,109060.71320198856,11.422372054918483
2022-12-28,138552.15356881593,230580.2854149946,89889.06614505225,11.650219928590161
2023-01-04,153332.79530751362,350311.6108675894,125448.56362157718,13.61121537043158
2023-01-11,74010.74524318594,117280.9577069801,37350.692690457596,8.46678864521623
2023-01-18,158969.25726695074,395209.80105072464,87367.76304773906,10.014943158612883
2023-01-25,170010.64530487393,194978.50708826174,132190.49786738944,13.330712960296747
2023-02-01,142397.81753902684,159434.58418062446,96501.90225346225,13.837917844853973
2023-02-08,133133.9771198025,107690.78842044684,107690.78842044684,6.353113549402391
2023-02-15,161860.06740968482,185203.03302749118,158466.95274261953,9.679407513020845
2023-02-22,99039.74245071187,104299.71203072321,64653.3526223573,14.766507618282006
2023-03-01,199450.1506440871,284441.08579878433,144462.8042842548,13.220709382027371
2023-03-08,182929.36706976118,330768.37564087275,127275.45761448893,10.126218408486238
2023-03-15,154342.72197452103,124318.59403963387,124318.59403963387,9.554930104413573
2023-03-22,169129.59969156265,162040.3782234428,134306.00681910678,10.809728898861238
2023-03-29,146348.8288857841,133214.18403137443,115614.38847431634,11.614845879595237
2023-04-05,134099.01416242565,244855.28328454477,112406.34882848524,14.049889996807698
2023-04-12,90473.10801923215,199274.61990970743,67775.9240909249,6.770582791343312
2023-04-19,58782.63938659688,80426.70945633558,52460.47767388513,13.076809347409158
2023-04-26,168292.24470086096,282622.82581954193,121187.16109093008,7.474525267062839
2023-05-03,99228.91304139674,152597.48933851172,54010.31868675293,8.206119527112113
2023-05-10,139733.7941095608,286541.932124114,139618.33985816783,15.331133313435577
2023-05-17,146384.77993027872,221937.14002599177,119755.731729859,13.85651618080232
2023-05-24,67750.42863850809,101411.43727331112,62323.69673095998,9.83832951933044
2023-05-31,135780.840684078,244297.96305582364,80414.59071040616,9.622354416522883
2023-06-07,100176.69331128983,84602.6640308811,51300.07211164662,14.316970436757735
2023-06-14,90960.62149592186,152880.60035030672,59066.4426631412,15.406792451153406
2023-06-21,88894.51382986606,136045.6379834925,83237.72257565598,14.419335667918087
2023-06-28,77915.21267694159,168646.98125853034,56807.470701455124,10.829688720853552
2023-07-05,70021.99586239157,65612.19075667986,60496.879501690375,10.964611523552998
2023-07-12,115527.60539227694,235695.26022311568,101982.7387548099,7.589081676693535
2023-07-19,141533.7724216462,145794.21352894919,123939.36142548798,12.569551562671395
2023-07-26,193492.1931625187,177476.57882561427,102265.9181441754,8.821870746932001
2023-08-02,89255.8525603859,108879.99761667843,85072.18889077296,8.495461998495061
2023-08-09,90792.45891929464,189844.9475601791,65812.72254467767,13.767105569551813
2023-08-16,59804.92363465779,97414.5075146889,30907.591213352458,6.626532034553545
2023-08-23,185965.61800166164,192793.74194071165,142488.77960891937,10.110956026007065
2023-08-30,102101.49893882641,237867.56591373755,52164.85023077032,12.637896861755891
2023-09-06,194509.16513203256,340835.6697933993,188364.86004951227,6.522578792860237
2023-09-13,112818.99786112421,140151.45843447352,97634.74337307495,15.812970904972467
2023-09-20,88479.50936663717,169181.38871683032,53003.54535995562,11.653302545716098
2023-09-27,119589.87300325042,293283.2880821011,96181.7861320176,9.495063720868188
2023-10-04,67114.36773319001,70947.91416628387,41118.185513225304,8.50966661340298
2023-10-11,177592.40867617066,311511.0684585218,135271.33065318028,7.147688718692175
2023-10-18,179020.95400241524,363194.90361778764,95567.50435276711,13.078350972297686
2023-10-25,131530.7326013969,123498.55689801708,95905.67586667564,10.84696287130047
2023-11-01,74866.18102449136,180254.3195549367,69250.29552606095,12.690223373291083
2023-11-08,119344.33415009108,179016.67077687604,98517.16456829895,11.454318694069055
2023-11-15,59340.96588228284,99173.856437768,53596.86770992312,10.592398775969581
2023-11-22,57793.48663314026,123485.77893676441,34715.50084220713,8.586208348880387
2023-11-29,74705.95301484439,101702.11531771813,65619.89772136614,11.193858595039373
2023-12-06,80732.19112260688,185063.30049040943,75871.3807722654,14.70578425046007
2023-12-13,85819.43170723089,134488.22230442986,85175.34211737078,13.720124763099903
2023-12-20,54075.11318383397,49254.198156345636,39581.1274472464,15.092202058615602
2023-12-27,130805.26969290714,215342.26468320302,72300.89273062149,12.567801047242941
2024-01-03,173315.47409003382,250737.92499468962,153870.5048715028,15.644766539008117
2024-01-10,80564.96886915337,136127.43535268944,51849.114761694735,13.928544190338393
2024-01-17,136639.0048821736,256716.01099039463,122832.6008167426,9.95970472662455
2024-01-24,187263.51026105648,319499.46468552283,108421.34242393351,12.958991181688024
2024-01-31,168989.20256573817,226191.1775113368,156921.6208309247,15.061432547657663
2024-02-07,91535.67310667134,226274.9485190864,52207.89877024136,8.020156684024899
2024-02-14,77633.72588570391,180093.35926392773,64214.447270978795,7.5210428322227285
2024-02-21,116048.51275525235,214226.32541221252,62867.19784337413,14.824163684073387
2024-02-28,170540.5303162303,282901.41709767387,167737.40808273503,10.177609792750998
2024-03-06,197616.54785547467,382479.7137766292,161519.04694947862,7.65954895295785
2024-03-13,182289.1637456966,278306.7851221854,105931.2778087005,6.12607519975759
2024-03-20,133963.3525457574,227279.45860516877,115165.18773213231,14.902580530178021
2024-03-27,61910.98769645443,126517.82952004856,36756.92313082423,14.581770531571639
2024-04-03,172859.52707924842,297205.9213115594,147815.88068035795,9.143501131837484
2024-04-10,120675.18483992219,265097.1615262071,88048.54869967155,9.577982653254418
2024-04-17,124131.86708754499,274086.108072158,82870.93393523083,7.737615931357438
2024-04-24,156802.10304961712,345617.3878435387,86291.1356638589,8.398741127559447
2024-05-01,71295.79846414909,99208.13205905857,51701.96554716082,13.488263369633065
2024-05-08,147672.1377322511,274017.25338136015,99854.04969069331,14.4144755308476
2024-05-15,120693.07510972468,297445.4759888609,98614.81991864674,7.262647415645027
2024-05-22,151426.6343113151,204831.29910750932,127677.42587090543,6.696411481624057
2024-05-29,76232.21557639391,171884.84269713424,46775.30827098009,14.3704112524294
2024-06-05,91891.41326816156,173941.18699023986,77838.9452444424,11.12654753145053
2024-06-12,95796.60150450969,111267.31579878244,49488.01443885916,9.039464012407239
2024-06-19,147974.41857969246,354416.22179649875,138445.19765329477,13.660647765353026
2024-06-26,168267.1014879948,324835.3210004014,106032.40828302233,15.071950307058298
2024-07-03,150609.8467858751,263981.26928842353,83662.97686948153,10.470555438064254
2024-07-10,119053.74068028895,270223.1965527663,92067.1280649337,9.804005489704096
2024-07-17,196520.0492765989,194206.02739719625,139779.64361510583,6.420246751714053
2024-07-24,160985.61811503954,380043.6005876295,103033.80035400506,14.583416767991208
2024-07-31,93832.73456928467,220348.28086839634,82289.52087241715,14.049067768414385
2024-08-07,52700.983340068175,128420.5760713202,45498.62959343854,9.047510953861334
2024-08-14,174409.19972882705,222997.16755088372,163312.7492239083,7.12580390411937
2024-08-21,155552.89661911936,267424.5815027193,85284.55654080612,8.418938282588389
2024-08-28,51860.60544159722,82816.4882043233,33742.20213156575,11.983574842977589
2024-09-04,94585.67115629258,123894.22269766213,82440.5493285566,6.481428359783535
2024-09-11,185434.2492787981,417013.5493728251,154634.05468887617,11.932215701073844
2024-09-18,183845.37472094785,204998.86349110524,99181.74496766002,8.395101699095381
2024-09-25,169186.74180502855,145321.16753446334,133894.96566725237,15.954375161913099
2024-10-02,178354.41407563092,300787.1698412809,94852.5255813452,14.313735143857098
2024-10-09,139846.77622658157,139201.53648669258,76486.207467254,15.096268194365924
2024-10-16,150380.03944071176,332307.94025372545,141280.46056635628,11.717723520483222
2024-10-23,127616.9527632562,195474.2808452106,84032.35524293534,10.345959608587117
2024-10-30,166081.94835952346,302812.2062042306,157156.9776557381,10.433800143791878
2024-11-06,141063.4368078131,264243.2517534582,112265.1360360869,13.026337730855163
2024-11-13,85615.02025622095,143064.27603330923,47269.11442992913,9.845113276448126
2024-11-20,123150.06029318966,235066.5249436518,120104.00836486483,12.006510665483558
2024-11-27,161539.08742648398,268260.2572591443,131985.83699423555,6.7093221613377345
2024-12-04,88158.73712627705,124757.85962876513,64906.57730210449,6.456487455023837
2024-12-11,71003.61463299765,90216.07964643171,69992.97371054754,9.313470071030508
2024-12-18,122306.15871681238,138617.65553636572,98504.16151543563,8.806832155159743
2024-12-25,81048.88676576402,136014.09141027034,40747.562829236005,6.076640326492253
2025-01-01,82860.32136527867,71460.92171846412,45905.68503413716,9.388606493387517
2025-01-08,170387.85193697194,302009.51877973956,128870.10226004895,8.934888232081217
2025-01-15,189763.05791492245,279886.38637969847,103145.02383217964,12.170665161178013
2025-01-22,67075.75902149022,93025.98458704543,50555.39997377656,14.742225246851758
2025-01-29,124031.9870510178,247299.92493814955,123586.51618489146,7.314891198979816
2025-02-05,91209.72882792793,134149.3837196662,64842.281302216754,10.110210752655458
2025-02-12,186141.65038348324,374862.38558365067,149649.06510552578,9.093727178627821
2025-02-19,173568.5576331942,420661.2543390347,158051.37953314665,6.015651051914729
2025-02-26,145460.20552751105,129013.04168231144,91465.90237131252,6.595247003477716
2025-03-05,140569.31794240818,276528.36329177424,78331.38356908486,9.838388830449794
2025-03-12,118435.4763433313,169053.63080260498,66384.56496262352,10.189477901874755
2025-03-19,162676.7071712627,149778.56392233598,87860.06392152613,9.547712918359842
2025-03-26,191258.85674283875,370386.8334992602,160530.2483808727,9.61919990837865
2025-04-02,139049.11868128076,113634.13970245911,113634.13970245911,15.132869475762368
2025-04-09,141886.0202517229,324250.3639563733,122303.83793064339,7.205584164036902
2025-04-16,185367.99609287624,169232.55275189382,142174.23822891654,7.421371237934577
2025-04-23,51755.99160963561,78537.55605215474,33513.05799974254,10.86000493797603
2025-04-30,136579.98301018262,119419.5853879693,76689.88548419013,11.586423964504254
2025-05-07,101475.10297589873,206968.10543255726,83833.23259354227,14.456043629899067
2025-05-14,153873.9240003838,235562.94847745617,128712.96945474982,8.753811742554186
2025-05-21,95947.02481673191,205448.94367560657,69389.82461779397,13.983803405183526
2025-05-28,173363.35605024177,391429.4891349198,166137.15840478917,10.309852205132962
2025-06-04,97830.02274817083,175090.09645807647,67070.91468828382,12.01074166800233
2025-06-11,155837.8793965737,307045.5865384743,107103.70351582693,7.668602016987528
2025-06-18,114579.40076933113,119438.7183050702,108283.09284362505,9.458774607378574
2025-06-25,73168.96208349857,61700.54617221042,60211.55788918445,12.369023174547433
2025-07-02,101090.62498719375,93196.47941621106,71250.13299248312,9.112174950633936
2025-07-09,151568.0959602514,277343.04936821765,103414.43657110099,8.178925542549901
2025-07-16,198205.39492333878,311539.7860011915,167312.53082085992,7.405529675783608
2025-07-23,122838.45494890967,104021.12976844209,92463.89033952414,15.640174071177023
2025-07-30,107631.00694787003,93240.01172895824,55481.40494769335,9.879867599468694
2025-08-06,74003.7404694791,62140.834584935175,62140.834584935175,10.585230088818907
2025-08-13,93386.71579589818,217604.2537252653,52116.2759324879,15.559188289553193
2025-08-20,97095.00760660293,224317.2603302095,77818.87539236165,14.267073597414875
2025-08-27,197601.97448156963,254963.70232440543,193762.12207120593,9.894818949024204
2025-09-03,107826.78571053834,148656.26906186884,83102.51388503084,7.541450431784871
2025-09-10,133056.72280370168,228977.07225561884,117216.44054355286,14.336499619375855
2025-09-17,116066.20254686361,152507.10470249012,73083.10963316978,7.9462383670487196
2025-09-24,58647.13732985373,81059.81905706847,37248.195421661905,15.664173858664073
2025-10-01,133656.3239375066,185831.87227202865,105619.74482557367,7.391967013456955
2025-10-08,116606.56238033043,217424.40339559593,86807.62895042262,10.017788006543242
2025-10-15,199077.25833495473,457187.9105126373,161591.6036575058,11.693773611822827
2025-10-22,143099.07197368762,163452.13644992723,99821.45816829443,6.394595328908993
2025-10-29,121331.905623024,209072.0773703654,74482.60755478362,15.640288471655138
2025-11-05,186418.1916405863,377989.6346130616,142925.58121014695,14.69969159647685
2025-11-12,69597.85157351944,149208.51291872218,39142.556028635016,13.942106625494054
2025-11-19,91365.13523770354,209322.4574259156,88808.8344050729,7.487959694051156
2025-11-26,119401.34075980903,294644.12658367376,88560.41837413213,14.635475225145452
2025-12-03,138309.72831969798,198897.80456660796,88918.1871213592,8.032230910860873
2025-12-10,164269.72870665457,239360.52008824132,124128.4050883707,10.923254800011819
2025-12-17,136591.8543849697,310265.82214595686,135276.4299966641,10.07584208573817
2025-12-24,174127.83831594547,365615.74341941753,136997.59742225762,15.56047143611933
2025-12-31,80071.17732926042,78930.09559446195,74224.45870889603,10.391498166337483
2026-01-07,177045.32813105907,410435.92483492434,94051.57664381196,14.834647629860607
2026-01-14,117247.85830541333,195538.3840912517,95357.2441306516,15.263826067300867
2026-01-21,52867.41416446461,85150.04925457394,44612.75010583628,13.227069576982284
2026-01-28,153879.8647305662,158271.55298266147,99975.40868506438,9.587155254170135
2026-02-04,170665.58115192575,217409.48148823346,103312.83313095875,15.574480190380962
2026-02-11,51329.49276702033,128133.5794842835,43035.193365643165,14.28469299449117
2026-02-18,94192.90945192898,77646.60357176661,77646.60357176661,14.341445970006758
2026-02-25,161071.41979302786,167972.6034431819,141213.56247133444,13.68922782107641
2026-03-04,148781.07735050825,312796.9034368253,137319.0902498271,12.136041142374584
2026-03-11,63290.70709545186,103098.49076087661,34102.59419615457,10.075430310324307
2026-03-18,111065.97336884415,101316.23960039008,74904.03275260216,7.109980987913149
2026-03-25,171235.28150138332,412860.18923368456,91809.20674968213,15.551152072917015
2026-04-01,128386.48990051178,168091.5079285899,69127.27097584365,11.006242680704178
2026-04-08,169177.3316736123,338700.97126589617,88837.21713684782,6.729018353679035
2026-04-15,110430.99239489557,143780.4718301552,68046.71190349547,8.810044989087135
2026-04-22,170522.4114945327,405790.08370287315,119800.74993415317,15.061110021324971
2026-04-29,98224.3551871823,158135.60096034946,60212.95387563195,12.40476042175844
2026-05-06,196847.16727622133,359430.77474669967,133640.9280727545,12.478174459905283
2026-05-13,68438.10176980814,158141.32039142118,51434.10619601786,10.493497420396421
2026-05-20,137879.71826802788,256750.3136801044,73888.07310450003,12.826172212234024
2026-05-27,86289.75204732944,173763.35421316756,78633.03775252144,14.039585075525203
2026-06-03,132875.14511118337,223800.12095848817,75929.90460352876,13.753461504031357
2026-06-10,90711.40706700715,149164.22482245427,58249.15501457967,7.338283629996932
2026-06-17,144433.65453376048,128887.4600181452,126281.61082394514,9.175867952611167
2026-06-24,50020.203950672796,83479.69560316096,26181.872985350885,8.761695578208995
2026-07-01,156046.47311835742,141467.41889855397,141467.41889855397,6.0381992265858315
2026-07-08,87023.58038028533,179228.27456809796,57273.27058856927,7.018923880660135
2026-07-15,104035.08782006417,131049.73205750014,95853.34728417541,9.13347917585143
2026-07-22,168339.8707664011,389905.88732902735,120684.31955706382,15.09943143854392
2026-07-29,106597.70809447893,259984.7008316232,58057.883382875385,12.870192665032427
2026-08-05,124072.1060685393,181021.57115815196,101287.00069973026,13.038570916343312
2026-08-12,50654.49044754636,54900.362544563766,43386.73740403156,12.663854135782065
2026-08-19,194907.12576930158,408089.5707247625,190109.75074655647,13.02540501534807
2026-08-26,94707.83129591648,92730.36661450368,84376.33692435516,12.441492214759158
2026-09-02,57227.90185899443,80810.70712286844,55991.77389911657,11.004011457102012
2026-09-09,114909.3704029557,181337.25120867556,69455.97635322172,9.687071708647952
2026-09-16,105471.9883980765,93764.97045751127,93214.43620392874,10.16504431903879
2026-09-23,173326.98302246348,389221.61745857034,105035.63647104049,12.573534821701285
2026-09-30,120842.27062444725,277486.05231648375,73456.43208109518,12.778132003100442
2026-10-07,141162.8183379084,183795.75568708728,80222.8934424065,12.516397604772767
2026-10-14,160789.6187198496,214906.01542003517,132236.0036293626,9.951309076115033
2026-10-21,156981.03249239267,178748.9592138254,148363.9513732187,8.874095964655798
2026-10-28,105167.89816342293,94520.31298158948,58447.70157640246,11.158619027123281
2026-11-04,90138.90150919573,200136.87983515224,45731.67371100047,9.790940486719363
2026-11-11,100601.8320153639,83786.93724629779,56556.76039981649,10.136426749186352
2026-11-18,123929.68766711699,184319.70371102673,94864.31416171599,11.951316749056815
2026-11-25,51488.573169175346,81813.3744128094,50548.887166030414,11.190322801295487
2026-12-02,151631.34011884299,201695.24110304244,134496.34501428826,13.72921481876115
2026-12-09,128194.40714812084,315258.69857270096,72144.62124846922,6.1694766488958095
2026-12-16,165523.7317635644,359544.75972989434,92710.44045627999,8.655828329586061
2026-12-23,52632.854504994335,68350.32164566377,46662.759133337226,11.17960527712579
2026-12-30,102214.33897524321,146366.5178901496,51176.34946648485,8.998005275652359
